"","start","end","group","notes","category"
"1",2022-10-04,2022-10-11,"SWP regular counts, CWT reading","Active","1"
"2",2022-10-04,2022-10-11,"SWP larval sampling","Not Active","4"
"3",2022-10-04,2022-10-11,"CVP regular counts, CWT reading","Active","1"
"4",2022-10-04,2022-10-11,"CVP larval sampling","Not Active","4"
"5",2022-10-04,2022-10-11,"Smelt Larval Survey","Not Active","4"
"6",2022-10-04,2022-10-11,"LEPS","Not Active","4"
"7",2022-10-04,2022-10-11,"20mm Survey","Not Active","4"
"8",2022-10-04,2022-10-11,"Spring Kodiak Trawl","Not Active","4"
"9",2022-10-04,2022-10-11,"Fall Mid-water Trawl","Active","1"
"10",2022-10-04,2022-10-11,"Summer Townet Survey","Not Active","4"
"11",2022-10-04,2022-10-11,"Bay Study","Active","1"
"12",2022-10-04,2022-10-11,"DJFMP- Chipps and Sacramento Trawls","Active (sampling four days a week starting in February)","1"
"13",2022-10-04,2022-10-11,"DJFMP- Seines","Active","1"
"14",2022-10-04,2022-10-11,"EDSM","Active","1"
"15",2022-10-04,2022-10-11,"EMP","Active","1"
"16",2022-10-04,2022-10-11,"Mossdale","Active","1"
"17",2022-10-04,2022-10-11,"USGS Flow monitoring","Active","1"
"18",2022-10-04,2022-10-11,"Red Bluff Diversion Dam screw trap","Active","1"
"19",2022-10-04,2022-10-11,"Knights Landing screw trap","Not Active","4"
"20",2022-10-04,2022-10-11,"Tisdale screw trap","Active","1"
"21",2022-10-04,2022-10-11,"GCID screw trap","Not Active","4"
"22",2022-10-04,2022-10-11,"Yuba River (Hallwood) screw trap","Not Active","4"
"23",2022-10-04,2022-10-11,"Redd dewatering and stranding surveys","Not Active","4"
"24",2022-10-04,2022-10-11,"Sacramento Carcass and Redd Surveys","Active","1"
"25",2022-10-04,2022-10-11,"Lower Sacramento Rotary Screw Trap","Not Active","4"
"26",2022-10-04,2022-10-11,"Feather River (upper DWR)","Not Active","4"
"27",2022-10-04,2022-10-11,"Feather River (lower CDFW)","Not Active","4"
"28",2022-10-04,2022-10-11,"SJRRP CDFW Field Monitoring","Active","1"
"29",2022-10-04,2022-10-11,"SJRRP USFWS and USBR Field Monitoring","Not Active","4"
"30",2022-10-04,2022-10-11,"Stanislaus Fish Weir","Active","1"
"31",2022-10-11,2022-10-18,"SWP regular counts, CWT reading","Active","1"
"32",2022-10-11,2022-10-18,"SWP larval sampling","Not Active","4"
"33",2022-10-11,2022-10-18,"CVP regular counts, CWT reading","Active","1"
"34",2022-10-11,2022-10-18,"CVP larval sampling","Not Active","4"
"35",2022-10-11,2022-10-18,"Smelt Larval Survey","Not Active","4"
"36",2022-10-11,2022-10-18,"LEPS","Not Active","4"
"37",2022-10-11,2022-10-18,"20mm Survey","Not Active","4"
"38",2022-10-11,2022-10-18,"Spring Kodiak Trawl","Not Active","4"
"39",2022-10-11,2022-10-18,"Fall Mid-water Trawl","Active","1"
"40",2022-10-11,2022-10-18,"Summer Townet Survey","Not Active","4"
"41",2022-10-11,2022-10-18,"Bay Study","Active","1"
"42",2022-10-11,2022-10-18,"DJFMP- Chipps and Sacramento Trawls","Active (sampling four days a week starting in February)","1"
"43",2022-10-11,2022-10-18,"DJFMP- Seines","Active","1"
"44",2022-10-11,2022-10-18,"EDSM","Active","1"
"45",2022-10-11,2022-10-18,"EMP","Active","1"
"46",2022-10-11,2022-10-18,"Mossdale","Active","1"
"47",2022-10-11,2022-10-18,"USGS Flow monitoring","Active","1"
"48",2022-10-11,2022-10-18,"Red Bluff Diversion Dam screw trap","Active","1"
"49",2022-10-11,2022-10-18,"Knights Landing screw trap","Not Active","4"
"50",2022-10-11,2022-10-18,"Tisdale screw trap","Active","1"
"51",2022-10-11,2022-10-18,"GCID screw trap","Not Active","4"
"52",2022-10-11,2022-10-18,"Yuba River (Hallwood) screw trap","Not Active","4"
"53",2022-10-11,2022-10-18,"Redd dewatering and stranding surveys","Not Active","4"
"54",2022-10-11,2022-10-18,"Sacramento Carcass and Redd Surveys","Active","1"
"55",2022-10-11,2022-10-18,"Lower Sacramento Rotary Screw Trap","Active","1"
"56",2022-10-11,2022-10-18,"Feather River (upper DWR)","Not Active","4"
"57",2022-10-11,2022-10-18,"Feather River (lower CDFW)","Not Active","4"
"58",2022-10-11,2022-10-18,"SJRRP CDFW Field Monitoring","Active","1"
"59",2022-10-11,2022-10-18,"SJRRP USFWS and USBR Field Monitoring","Not Active","4"
"60",2022-10-11,2022-10-18,"Stanislaus Fish Weir","Active","1"
"61",2022-10-11,2022-10-18,"SWP regular counts, CWT reading","Active","1"
"62",2022-10-11,2022-10-18,"SWP larval sampling","Not Active","4"
"63",2022-10-11,2022-10-18,"CVP regular counts, CWT reading","Active","1"
"64",2022-10-11,2022-10-18,"CVP larval sampling","Not Active","4"
"65",2022-10-11,2022-10-18,"Smelt Larval Survey","Not Active","4"
"66",2022-10-11,2022-10-18,"LEPS","Not Active","4"
"67",2022-10-11,2022-10-18,"20mm Survey","Not Active","4"
"68",2022-10-11,2022-10-18,"Spring Kodiak Trawl","Not Active","4"
"69",2022-10-11,2022-10-18,"Fall Mid-water Trawl","Active","1"
"70",2022-10-11,2022-10-18,"Summer Townet Survey","Not Active","4"
"71",2022-10-11,2022-10-18,"Bay Study","Active","1"
"72",2022-10-11,2022-10-18,"DJFMP- Chipps and Sacramento Trawls","Active (sampling four days a week starting in February)","1"
"73",2022-10-11,2022-10-18,"DJFMP- Seines","Active","1"
"74",2022-10-11,2022-10-18,"EDSM","Active","1"
"75",2022-10-11,2022-10-18,"EMP","Active","1"
"76",2022-10-11,2022-10-18,"Mossdale","Active","1"
"77",2022-10-11,2022-10-18,"USGS Flow monitoring","Active","1"
"78",2022-10-11,2022-10-18,"Red Bluff Diversion Dam screw trap","Active","1"
"79",2022-10-11,2022-10-18,"Knights Landing screw trap","Active","1"
"80",2022-10-11,2022-10-18,"Tisdale screw trap","Active","1"
"81",2022-10-11,2022-10-18,"GCID screw trap","Active","1"
"82",2022-10-11,2022-10-18,"Yuba River (Hallwood) screw trap","Not Active","4"
"83",2022-10-11,2022-10-18,"Redd dewatering and stranding surveys","Not Active","4"
"84",2022-10-11,2022-10-18,"Sacramento Carcass and Redd Surveys","Active","1"
"85",2022-10-11,2022-10-18,"Lower Sacramento Rotary Screw Trap","Active","1"
"86",2022-10-11,2022-10-18,"Feather River (upper DWR)","Not Active","4"
"87",2022-10-11,2022-10-18,"Feather River (lower CDFW)","Active","1"
"88",2022-10-11,2022-10-18,"SJRRP CDFW Field Monitoring","Active","1"
"89",2022-10-11,2022-10-18,"SJRRP USFWS and USBR Field Monitoring","Not Active","4"
"90",2022-10-11,2022-10-18,"Stanislaus Fish Weir","Active","1"
"91",2022-10-25,2022-11-01,"SWP regular counts, CWT reading","Active – No sampling on the weekdays, back online Saturday 10/29/22","2"
"92",2022-10-25,2022-11-01,"SWP larval sampling","Not Active","4"
"93",2022-10-25,2022-11-01,"CVP regular counts, CWT reading","Active","1"
"94",2022-10-25,2022-11-01,"CVP larval sampling","Not Active","4"
"95",2022-10-25,2022-11-01,"Smelt Larval Survey","Not Active","4"
"96",2022-10-25,2022-11-01,"LEPS","Not Active","4"
"97",2022-10-25,2022-11-01,"20mm Survey","Not Active","4"
"98",2022-10-25,2022-11-01,"Spring Kodiak Trawl","Not Active","4"
"99",2022-10-25,2022-11-01,"Fall Mid-water Trawl","Active","1"
"100",2022-10-25,2022-11-01,"Summer Townet Survey","Not Active","4"
"101",2022-10-25,2022-11-01,"Bay Study","Active","1"
"102",2022-10-25,2022-11-01,"DJFMP- Chipps and Sacramento Trawls","Active (sampling four days a week starting in February)","1"
"103",2022-10-25,2022-11-01,"DJFMP- Seines","Active","1"
"104",2022-10-25,2022-11-01,"EDSM","Active","1"
"105",2022-10-25,2022-11-01,"EMP","Active","1"
"106",2022-10-25,2022-11-01,"Mossdale","Active","1"
"107",2022-10-25,2022-11-01,"USGS Flow monitoring","Active","1"
"108",2022-10-25,2022-11-01,"Red Bluff Diversion Dam screw trap","Active","1"
"109",2022-10-25,2022-11-01,"Knights Landing screw trap","Active","1"
"110",2022-10-25,2022-11-01,"Tisdale screw trap","Active","1"
"111",2022-10-25,2022-11-01,"GCID screw trap","Active","1"
"112",2022-10-25,2022-11-01,"Yuba River (Hallwood) screw trap","Active – weekdays only","1"
"113",2022-10-25,2022-11-01,"Redd dewatering and stranding surveys","Not Active","4"
"114",2022-10-25,2022-11-01,"Sacramento Carcass and Redd Surveys","Active","1"
"115",2022-10-25,2022-11-01,"Lower Sacramento Rotary Screw Trap","Active","1"
"116",2022-10-25,2022-11-01,"Feather River (upper DWR)","Not Active","4"
"117",2022-10-25,2022-11-01,"Feather River (lower CDFW)","Active","1"
"118",2022-10-25,2022-11-01,"SJRRP CDFW Field Monitoring","Active","1"
"119",2022-10-25,2022-11-01,"SJRRP USFWS and USBR Field Monitoring","Not Active","4"
"120",2022-10-25,2022-11-01,"Stanislaus Fish Weir","Active","1"
"121",2022-11-01,2022-11-08,"SWP regular counts, CWT reading","Active","1"
"122",2022-11-01,2022-11-08,"SWP larval sampling","Not Active","4"
"123",2022-11-01,2022-11-08,"CVP regular counts, CWT reading","Active","1"
"124",2022-11-01,2022-11-08,"CVP larval sampling","Not Active","4"
"125",2022-11-01,2022-11-08,"Smelt Larval Survey","Not Active","4"
"126",2022-11-01,2022-11-08,"LEPS","Not Active","4"
"127",2022-11-01,2022-11-08,"20mm Survey","Not Active","4"
"128",2022-11-01,2022-11-08,"Spring Kodiak Trawl","Not Active","4"
"129",2022-11-01,2022-11-08,"Fall Mid-water Trawl","Active","1"
"130",2022-11-01,2022-11-08,"Summer Townet Survey","Not Active","4"
"131",2022-11-01,2022-11-08,"Bay Study","Active","1"
"132",2022-11-01,2022-11-08,"DJFMP- Chipps and Sacramento Trawls","Active (sampling four days a week starting in February)","1"
"133",2022-11-01,2022-11-08,"DJFMP- Seines","Active","1"
"134",2022-11-01,2022-11-08,"EDSM","Active","1"
"135",2022-11-01,2022-11-08,"EMP","Active","1"
"136",2022-11-01,2022-11-08,"Mossdale","Active","1"
"137",2022-11-01,2022-11-08,"USGS Flow monitoring","Active","1"
"138",2022-11-01,2022-11-08,"Red Bluff Diversion Dam screw trap","Active","1"
"139",2022-11-01,2022-11-08,"Knights Landing screw trap","Active","1"
"140",2022-11-01,2022-11-08,"Tisdale screw trap","Active","1"
"141",2022-11-01,2022-11-08,"GCID screw trap","Active","1"
"142",2022-11-01,2022-11-08,"Yuba River (Hallwood) screw trap","Active – weekdays only","1"
"143",2022-11-01,2022-11-08,"Redd dewatering and stranding surveys","Not Active","4"
"144",2022-11-01,2022-11-08,"Sacramento Carcass and Redd Surveys","Active","1"
"145",2022-11-01,2022-11-08,"Lower Sacramento Rotary Screw Trap","Active","1"
"146",2022-11-01,2022-11-08,"Feather River (upper DWR)","Not Active","4"
"147",2022-11-01,2022-11-08,"Feather River (lower CDFW)","Active","1"
"148",2022-11-01,2022-11-08,"SJRRP CDFW Field Monitoring","Active","1"
"149",2022-11-01,2022-11-08,"SJRRP USFWS and USBR Field Monitoring","Not Active","4"
"150",2022-11-01,2022-11-08,"Stanislaus Fish Weir","Active","1"
"151",2022-11-08,2022-11-15,"SWP regular counts, CWT reading","Active","1"
"152",2022-11-08,2022-11-15,"SWP larval sampling","Not Active","4"
"153",2022-11-08,2022-11-15,"CVP regular counts, CWT reading","Active","1"
"154",2022-11-08,2022-11-15,"CVP larval sampling","Not Active","4"
"155",2022-11-08,2022-11-15,"Smelt Larval Survey","Not Active","4"
"156",2022-11-08,2022-11-15,"LEPS","Not Active","4"
"157",2022-11-08,2022-11-15,"20mm Survey","Not Active","4"
"158",2022-11-08,2022-11-15,"Spring Kodiak Trawl","Not Active","4"
"159",2022-11-08,2022-11-15,"Fall Mid-water Trawl","Active","1"
"160",2022-11-08,2022-11-15,"Summer Townet Survey","Not Active","4"
"161",2022-11-08,2022-11-15,"Bay Study","Active","1"
"162",2022-11-08,2022-11-15,"DJFMP- Chipps and Sacramento Trawls","Active (sampling three days a week starting in May)","1"
"163",2022-11-08,2022-11-15,"DJFMP- Seines","Active","1"
"164",2022-11-08,2022-11-15,"EDSM","Active","1"
"165",2022-11-08,2022-11-15,"EMP","Active","1"
"166",2022-11-08,2022-11-15,"Mossdale","Active","1"
"167",2022-11-08,2022-11-15,"USGS Flow monitoring","Active","1"
"168",2022-11-08,2022-11-15,"Red Bluff Diversion Dam screw trap","Active","1"
"169",2022-11-08,2022-11-15,"Knights Landing screw trap","Not Active (due to heavy debris)","4"
"170",2022-11-08,2022-11-15,"Tisdale screw trap","Active","1"
"171",2022-11-08,2022-11-15,"GCID screw trap","Active","1"
"172",2022-11-08,2022-11-15,"Yuba River (Hallwood) screw trap","Active – weekdays only","1"
"173",2022-11-08,2022-11-15,"Redd dewatering and stranding surveys","Not Active","4"
"174",2022-11-08,2022-11-15,"Sacramento Carcass and Redd Surveys","Active","1"
"175",2022-11-08,2022-11-15,"Lower Sacramento Rotary Screw Trap","Active","1"
"176",2022-11-08,2022-11-15,"Feather River (upper DWR)","Not Active","4"
"177",2022-11-08,2022-11-15,"Feather River (lower CDFW)","Active","1"
"178",2022-11-08,2022-11-15,"SJRRP CDFW Field Monitoring","Active","1"
"179",2022-11-08,2022-11-15,"SJRRP USFWS and USBR Field Monitoring","Active (until 11/17/22)","1"
"180",2022-11-08,2022-11-15,"Stanislaus Fish Weir","Active","1"
"181",2022-11-15,2022-11-22,"SWP regular counts, CWT reading","Active","1"
"182",2022-11-15,2022-11-22,"SWP larval sampling","Not Active","4"
"183",2022-11-15,2022-11-22,"CVP regular counts, CWT reading","Active (with an outage on 11/10)","2"
"184",2022-11-15,2022-11-22,"CVP larval sampling","Not Active","4"
"185",2022-11-15,2022-11-22,"Smelt Larval Survey","Not Active","4"
"186",2022-11-15,2022-11-22,"LEPS","Not Active","4"
"187",2022-11-15,2022-11-22,"20mm Survey","Not Active","4"
"188",2022-11-15,2022-11-22,"Spring Kodiak Trawl","Not Active","4"
"189",2022-11-15,2022-11-22,"Fall Mid-water Trawl","Active","1"
"190",2022-11-15,2022-11-22,"Summer Townet Survey","Not Active","4"
"191",2022-11-15,2022-11-22,"Bay Study","Active","1"
"192",2022-11-15,2022-11-22,"DJFMP- Chipps and Sacramento Trawls","Active (sampling three days a week starting in May)","1"
"193",2022-11-15,2022-11-22,"DJFMP- Seines","Active","1"
"194",2022-11-15,2022-11-22,"EDSM","Active","1"
"195",2022-11-15,2022-11-22,"EMP","Active","1"
"196",2022-11-15,2022-11-22,"Mossdale","Active","1"
"197",2022-11-15,2022-11-22,"USGS Flow monitoring","Active","1"
"198",2022-11-15,2022-11-22,"Red Bluff Diversion Dam screw trap","Active","1"
"199",2022-11-15,2022-11-22,"Knights Landing screw trap","Not Active (due to heavy debris)","4"
"200",2022-11-15,2022-11-22,"Tisdale screw trap","Active","1"
"201",2022-11-15,2022-11-22,"GCID screw trap","Active","1"
"202",2022-11-15,2022-11-22,"Yuba River (Hallwood) screw trap","Active – weekdays only","1"
"203",2022-11-15,2022-11-22,"Redd dewatering and stranding surveys","Not Active","4"
"204",2022-11-15,2022-11-22,"Sacramento Carcass and Redd Surveys","Active","1"
"205",2022-11-15,2022-11-22,"Lower Sacramento Rotary Screw Trap","Active (Inactive from 11/9- 11/13)","2"
"206",2022-11-15,2022-11-22,"Feather River (upper DWR)","Active (Eye side only)","1"
"207",2022-11-15,2022-11-22,"Feather River (lower CDFW)","Active","1"
"208",2022-11-15,2022-11-22,"SJRRP CDFW Field Monitoring","Active","1"
"209",2022-11-15,2022-11-22,"SJRRP USFWS and USBR Field Monitoring","Active (until 11/17/22)","1"
"210",2022-11-15,2022-11-22,"Stanislaus Fish Weir","Active","1"
"211",2022-11-22,2022-11-29,"SWP regular counts, CWT reading","Active","1"
"212",2022-11-22,2022-11-29,"SWP larval sampling","Not Active","4"
"213",2022-11-22,2022-11-29,"CVP regular counts, CWT reading","Active","1"
"214",2022-11-22,2022-11-29,"CVP larval sampling","Not Active","4"
"215",2022-11-22,2022-11-29,"Smelt Larval Survey","Not Active","4"
"216",2022-11-22,2022-11-29,"LEPS","Not Active","4"
"217",2022-11-22,2022-11-29,"20mm Survey","Not Active","4"
"218",2022-11-22,2022-11-29,"Spring Kodiak Trawl","Not Active","4"
"219",2022-11-22,2022-11-29,"Fall Mid-water Trawl","Active","1"
"220",2022-11-22,2022-11-29,"Summer Townet Survey","Not Active","4"
"221",2022-11-22,2022-11-29,"Bay Study","Active","1"
"222",2022-11-22,2022-11-29,"DJFMP- Chipps and Sacramento Trawls","Active (sampling three days a week starting in May)","1"
"223",2022-11-22,2022-11-29,"DJFMP- Seines","Active","1"
"224",2022-11-22,2022-11-29,"EDSM","Active","1"
"225",2022-11-22,2022-11-29,"EMP","Active","1"
"226",2022-11-22,2022-11-29,"Mossdale","Active","1"
"227",2022-11-22,2022-11-29,"USGS Flow monitoring","Active","1"
"228",2022-11-22,2022-11-29,"Red Bluff Diversion Dam screw trap","Active","1"
"229",2022-11-22,2022-11-29,"Knights Landing screw trap","Active","1"
"230",2022-11-22,2022-11-29,"Tisdale screw trap","Active","1"
"231",2022-11-22,2022-11-29,"GCID screw trap","Active","1"
"232",2022-11-22,2022-11-29,"Yuba River (Hallwood) screw trap","Active – weekdays only","1"
"233",2022-11-22,2022-11-29,"Redd dewatering and stranding surveys","Not Active","4"
"234",2022-11-22,2022-11-29,"Sacramento Carcass and Redd Surveys","Active","1"
"235",2022-11-22,2022-11-29,"Lower Sacramento Rotary Screw Trap","Active","1"
"236",2022-11-22,2022-11-29,"Feather River (upper DWR)","Active (Eye side only)","1"
"237",2022-11-22,2022-11-29,"Feather River (lower CDFW)","Active","1"
"238",2022-11-22,2022-11-29,"SJRRP CDFW Field Monitoring","Active","1"
"239",2022-11-22,2022-11-29,"SJRRP USFWS and USBR Field Monitoring","Not Active","4"
"240",2022-11-22,2022-11-29,"Stanislaus Fish Weir","Active","1"
"241",2022-11-29,2022-12-06,"SWP regular counts, CWT reading","Active","1"
"242",2022-11-29,2022-12-06,"SWP larval sampling","Not Active","4"
"243",2022-11-29,2022-12-06,"CVP regular counts, CWT reading","Active","1"
"244",2022-11-29,2022-12-06,"CVP larval sampling","Not Active","4"
"245",2022-11-29,2022-12-06,"Smelt Larval Survey","Not Active","4"
"246",2022-11-29,2022-12-06,"LEPS","Not Active","4"
"247",2022-11-29,2022-12-06,"20mm Survey","Not Active","4"
"248",2022-11-29,2022-12-06,"Spring Kodiak Trawl","Not Active","4"
"249",2022-11-29,2022-12-06,"Fall Mid-water Trawl","Active","1"
"250",2022-11-29,2022-12-06,"Summer Townet Survey","Not Active","4"
"251",2022-11-29,2022-12-06,"Bay Study","Active","1"
"252",2022-11-29,2022-12-06,"DJFMP- Chipps and Sacramento Trawls","Active (sampling three days a week starting in May)","1"
"253",2022-11-29,2022-12-06,"DJFMP- Seines","Active","1"
"254",2022-11-29,2022-12-06,"EDSM","Active","1"
"255",2022-11-29,2022-12-06,"EMP","Active","1"
"256",2022-11-29,2022-12-06,"Mossdale","Active","1"
"257",2022-11-29,2022-12-06,"USGS Flow monitoring","Active","1"
"258",2022-11-29,2022-12-06,"Red Bluff Diversion Dam screw trap","Active","1"
"259",2022-11-29,2022-12-06,"Knights Landing screw trap","Active","1"
"260",2022-11-29,2022-12-06,"Tisdale screw trap","Active","1"
"261",2022-11-29,2022-12-06,"GCID screw trap","Active","1"
"262",2022-11-29,2022-12-06,"Yuba River (Hallwood) screw trap","Active – weekdays only","1"
"263",2022-11-29,2022-12-06,"Redd dewatering and stranding surveys","Not Active","4"
"264",2022-11-29,2022-12-06,"Sacramento Carcass and Redd Surveys","Active","1"
"265",2022-11-29,2022-12-06,"Lower Sacramento Rotary Screw Trap","Active (cones raised on 11/23 - 11/25)","2"
"266",2022-11-29,2022-12-06,"Feather River (upper DWR)","Active","1"
"267",2022-11-29,2022-12-06,"Feather River (lower CDFW)","Active","1"
"268",2022-11-29,2022-12-06,"SJRRP CDFW Field Monitoring","Active","1"
"269",2022-11-29,2022-12-06,"SJRRP USFWS and USBR Field Monitoring","Not Active","4"
"270",2022-11-29,2022-12-06,"Stanislaus Fish Weir","Active","1"
"271",2022-12-06,2022-12-13,"SWP regular counts, CWT reading","Active","1"
"272",2022-12-06,2022-12-13,"SWP larval sampling","Not Active","4"
"273",2022-12-06,2022-12-13,"CVP regular counts, CWT reading","Active","1"
"274",2022-12-06,2022-12-13,"CVP larval sampling","Not Active","4"
"275",2022-12-06,2022-12-13,"Smelt Larval Survey","Active","1"
"276",2022-12-06,2022-12-13,"LEPS","Not Active","4"
"277",2022-12-06,2022-12-13,"20mm Survey","Not Active","4"
"278",2022-12-06,2022-12-13,"Spring Kodiak Trawl","Not Active","4"
"279",2022-12-06,2022-12-13,"Fall Mid-water Trawl","Active","1"
"280",2022-12-06,2022-12-13,"Summer Townet Survey","Not Active","4"
"281",2022-12-06,2022-12-13,"Bay Study","Active","1"
"282",2022-12-06,2022-12-13,"DJFMP- Chipps and Sacramento Trawls","Active (sampling three days a week starting in May)","1"
"283",2022-12-06,2022-12-13,"DJFMP- Seines","Active","1"
"284",2022-12-06,2022-12-13,"EDSM","Active","1"
"285",2022-12-06,2022-12-13,"EMP","Active","1"
"286",2022-12-06,2022-12-13,"Mossdale","Active","1"
"287",2022-12-06,2022-12-13,"USGS Flow monitoring","Active","1"
"288",2022-12-06,2022-12-13,"Red Bluff Diversion Dam screw trap","Active","1"
"289",2022-12-06,2022-12-13,"Knights Landing screw trap","Active (inactive on 12/1 and 12/5)","2"
"290",2022-12-06,2022-12-13,"Tisdale screw trap","Active","1"
"291",2022-12-06,2022-12-13,"GCID screw trap","Active","1"
"292",2022-12-06,2022-12-13,"Yuba River (Hallwood) screw trap","Active – weekdays only","1"
"293",2022-12-06,2022-12-13,"Redd dewatering and stranding surveys","Not Active","4"
"294",2022-12-06,2022-12-13,"Sacramento Carcass and Redd Surveys","Active","1"
"295",2022-12-06,2022-12-13,"Lower Sacramento Rotary Screw Trap","Active","1"
"296",2022-12-06,2022-12-13,"Feather River (upper DWR)","Active","1"
"297",2022-12-06,2022-12-13,"Feather River (lower CDFW)","Active","1"
"298",2022-12-06,2022-12-13,"SJRRP CDFW Field Monitoring","Active","1"
"299",2022-12-06,2022-12-13,"SJRRP USFWS and USBR Field Monitoring","Not Active","4"
"300",2022-12-06,2022-12-13,"Stanislaus Fish Weir","Active","1"
"301",2022-12-13,2022-12-20,"SWP regular counts, CWT reading","Active","1"
"302",2022-12-13,2022-12-20,"SWP larval sampling","Not Active","4"
"303",2022-12-13,2022-12-20,"CVP regular counts, CWT reading","Active","1"
"304",2022-12-13,2022-12-20,"CVP larval sampling","Not Active","4"
"305",2022-12-13,2022-12-20,"Smelt Larval Survey","Active","1"
"306",2022-12-13,2022-12-20,"LEPS","Not Active","4"
"307",2022-12-13,2022-12-20,"20mm Survey","Not Active","4"
"308",2022-12-13,2022-12-20,"Spring Kodiak Trawl","Not Active","4"
"309",2022-12-13,2022-12-20,"Fall Mid-water Trawl","Active","1"
"310",2022-12-13,2022-12-20,"Summer Townet Survey","Not Active","4"
"311",2022-12-13,2022-12-20,"Bay Study","Active","1"
"312",2022-12-13,2022-12-20,"DJFMP- Chipps and Sacramento Trawls","Active (sampling three days a week starting in May)","1"
"313",2022-12-13,2022-12-20,"DJFMP- Seines","Active","1"
"314",2022-12-13,2022-12-20,"EDSM","Active","1"
"315",2022-12-13,2022-12-20,"EMP","Active","1"
"316",2022-12-13,2022-12-20,"Mossdale","Active","1"
"317",2022-12-13,2022-12-20,"USGS Flow monitoring","Active","1"
"318",2022-12-13,2022-12-20,"Red Bluff Diversion Dam screw trap","Active","1"
"319",2022-12-13,2022-12-20,"Knights Landing screw trap","Active (inactive on 12/6 and 12/11)","2"
"320",2022-12-13,2022-12-20,"Tisdale screw trap","Active (inactive on 12/10-12/12)","2"
"321",2022-12-13,2022-12-20,"GCID screw trap","Interrupted (inactive beginning on 12/7)","3"
"322",2022-12-13,2022-12-20,"Yuba River (Hallwood) screw trap","Active – weekdays only","1"
"323",2022-12-13,2022-12-20,"Redd dewatering and stranding surveys","Not Active","4"
"324",2022-12-13,2022-12-20,"Sacramento Carcass and Redd Surveys","Active","1"
"325",2022-12-13,2022-12-20,"Lower Sacramento Rotary Screw Trap","Active (inactive on 12/10)","2"
"326",2022-12-13,2022-12-20,"Feather River (upper DWR)","Active","1"
"327",2022-12-13,2022-12-20,"Feather River (lower CDFW)","Active (inactive 12/10-12/12)","2"
"328",2022-12-13,2022-12-20,"SJRRP CDFW Field Monitoring","Active","1"
"329",2022-12-13,2022-12-20,"SJRRP USFWS and USBR Field Monitoring","Not Active","4"
"330",2022-12-13,2022-12-20,"Stanislaus Fish Weir","Active","1"
"331",2022-12-20,2022-12-27,"SWP regular counts, CWT reading","Active","1"
"332",2022-12-20,2022-12-27,"SWP larval sampling","Not Active","4"
"333",2022-12-20,2022-12-27,"CVP regular counts, CWT reading","Active","1"
"334",2022-12-20,2022-12-27,"CVP larval sampling","Not Active","4"
"335",2022-12-20,2022-12-27,"Smelt Larval Survey","Active","1"
"336",2022-12-20,2022-12-27,"LEPS","Not Active","4"
"337",2022-12-20,2022-12-27,"20mm Survey","Not Active","4"
"338",2022-12-20,2022-12-27,"Spring Kodiak Trawl","Not Active","4"
"339",2022-12-20,2022-12-27,"Fall Mid-water Trawl","Not Active","4"
"340",2022-12-20,2022-12-27,"Summer Townet Survey","Not Active","4"
"341",2022-12-20,2022-12-27,"Bay Study","Active","1"
"342",2022-12-20,2022-12-27,"DJFMP- Chipps and Sacramento Trawls","Active (sampling three days a week starting in May)","1"
"343",2022-12-20,2022-12-27,"DJFMP- Seines","Active","1"
"344",2022-12-20,2022-12-27,"EDSM","Active","1"
"345",2022-12-20,2022-12-27,"EMP","Active","1"
"346",2022-12-20,2022-12-27,"Mossdale","Active","1"
"347",2022-12-20,2022-12-27,"USGS Flow monitoring","Active","1"
"348",2022-12-20,2022-12-27,"Red Bluff Diversion Dam screw trap","Active","1"
"349",2022-12-20,2022-12-27,"Knights Landing screw trap","Active","1"
"350",2022-12-20,2022-12-27,"Tisdale screw trap","Active","1"
"351",2022-12-20,2022-12-27,"GCID screw trap","Active – beginning 12/15","1"
"352",2022-12-20,2022-12-27,"Yuba River (Hallwood) screw trap","Active – weekdays only","1"
"353",2022-12-20,2022-12-27,"Redd dewatering and stranding surveys","Not Active","4"
"354",2022-12-20,2022-12-27,"Sacramento Carcass and Redd Surveys","Active","1"
"355",2022-12-20,2022-12-27,"Lower Sacramento Rotary Screw Trap","Partial Interruption  (inactive on 12/10-12/14); (inactive 12/18)","2"
"356",2022-12-20,2022-12-27,"Feather River (upper DWR)","Active","1"
"357",2022-12-20,2022-12-27,"Feather River (lower CDFW)","Active","1"
"358",2022-12-20,2022-12-27,"SJRRP CDFW Field Monitoring","Active","1"
"359",2022-12-20,2022-12-27,"SJRRP USFWS and USBR Field Monitoring","Not Active","4"
"360",2022-12-20,2022-12-27,"Stanislaus Fish Weir","Active","1"
"361",2022-12-27,2023-01-03,"SWP regular counts, CWT reading","Active","1"
"362",2022-12-27,2023-01-03,"SWP larval sampling","Not Active","4"
"363",2022-12-27,2023-01-03,"CVP regular counts, CWT reading","Active","1"
"364",2022-12-27,2023-01-03,"CVP larval sampling","Not Active","4"
"365",2022-12-27,2023-01-03,"Smelt Larval Survey","Active","1"
"366",2022-12-27,2023-01-03,"LEPS","Not Active","4"
"367",2022-12-27,2023-01-03,"20mm Survey","Not Active","4"
"368",2022-12-27,2023-01-03,"Spring Kodiak Trawl","Not Active","4"
"369",2022-12-27,2023-01-03,"Fall Mid-water Trawl","Not Active","4"
"370",2022-12-27,2023-01-03,"Summer Townet Survey","Not Active","4"
"371",2022-12-27,2023-01-03,"Bay Study","Active","1"
"372",2022-12-27,2023-01-03,"DJFMP- Chipps and Sacramento Trawls","Active (sampling three days a week starting in May)","1"
"373",2022-12-27,2023-01-03,"DJFMP- Seines","Active","1"
"374",2022-12-27,2023-01-03,"EDSM","Active","1"
"375",2022-12-27,2023-01-03,"EMP","Active","1"
"376",2022-12-27,2023-01-03,"Mossdale","Active","1"
"377",2022-12-27,2023-01-03,"USGS Flow monitoring","Active","1"
"378",2022-12-27,2023-01-03,"Red Bluff Diversion Dam screw trap","Active","1"
"379",2022-12-27,2023-01-03,"Knights Landing screw trap","Partial Interruption (inactive on 12/24-12/26)","2"
"380",2022-12-27,2023-01-03,"Tisdale screw trap","Partial Interruption (inactive on 12/23-12/26)","2"
"381",2022-12-27,2023-01-03,"GCID screw trap","Active","1"
"382",2022-12-27,2023-01-03,"Yuba River (Hallwood) screw trap","Active – weekdays only","1"
"383",2022-12-27,2023-01-03,"Redd dewatering and stranding surveys","Not Active","4"
"384",2022-12-27,2023-01-03,"Sacramento Carcass and Redd Surveys","Active","1"
"385",2022-12-27,2023-01-03,"Lower Sacramento Rotary Screw Trap","Partial Interruption (inactive on 12/23-12/26)","2"
"386",2022-12-27,2023-01-03,"Feather River (upper DWR)","Active","1"
"387",2022-12-27,2023-01-03,"Feather River (lower CDFW)","Partial Interruption (inactive on 12/23-12/26)","2"
"388",2022-12-27,2023-01-03,"SJRRP CDFW Field Monitoring","Active","1"
"389",2022-12-27,2023-01-03,"SJRRP USFWS and USBR Field Monitoring","Not Active","4"
"390",2022-12-27,2023-01-03,"Stanislaus Fish Weir","Active","1"
"391",2023-01-03,2023-01-10,"SWP regular counts, CWT reading","Active","1"
"392",2023-01-03,2023-01-10,"SWP larval sampling","Not Active","4"
"393",2023-01-03,2023-01-10,"CVP regular counts, CWT reading","Active","1"
"394",2023-01-03,2023-01-10,"CVP larval sampling","Not Active","4"
"395",2023-01-03,2023-01-10,"Smelt Larval Survey","Active","1"
"396",2023-01-03,2023-01-10,"LEPS","Active","1"
"397",2023-01-03,2023-01-10,"20mm Survey","Not Active","4"
"398",2023-01-03,2023-01-10,"Spring Kodiak Trawl","Not Active","4"
"399",2023-01-03,2023-01-10,"Fall Mid-water Trawl","Not Active","4"
"400",2023-01-03,2023-01-10,"Summer Townet Survey","Not Active","4"
"401",2023-01-03,2023-01-10,"Bay Study","Active","1"
"402",2023-01-03,2023-01-10,"DJFMP- Chipps and Sacramento Trawls","Active (sampling three days a week starting in May)","1"
"403",2023-01-03,2023-01-10,"DJFMP- Seines","Active","1"
"404",2023-01-03,2023-01-10,"EDSM","Active","1"
"405",2023-01-03,2023-01-10,"EMP","Active","1"
"406",2023-01-03,2023-01-10,"Mossdale","Active","1"
"407",2023-01-03,2023-01-10,"USGS Flow monitoring","Active","1"
"408",2023-01-03,2023-01-10,"Red Bluff Diversion Dam Rotary Screw Trap (RST)","Active","1"
"409",2023-01-03,2023-01-10,"Knights LandingRST","Not Active as of 1/1","4"
"410",2023-01-03,2023-01-10,"Tisdale RST","Partial Interruption (inactive on 12/31 - 1/2)","2"
"411",2023-01-03,2023-01-10,"GCID RST","Not Active (Traps pulled out of river due to high flows on 12/27)","4"
"412",2023-01-03,2023-01-10,"Yuba River (Hallwood) RST","Active – weekdays only","1"
"413",2023-01-03,2023-01-10,"Redd dewatering and stranding surveys","Not Active","4"
"414",2023-01-03,2023-01-10,"Sacramento Carcass and Redd Surveys","Active","1"
"415",2023-01-03,2023-01-10,"Lower Sacramento RST","Not Active as of 12/29","4"
"416",2023-01-03,2023-01-10,"Feather River (upper DWR) RST","Active","1"
"417",2023-01-03,2023-01-10,"Feather River (lower CDFW) RST","Partial Interruption (inactive on 12/23-12/26)","2"
"418",2023-01-03,2023-01-10,"SJRRP CDFW Field Monitoring","Active","1"
"419",2023-01-03,2023-01-10,"SJRRP USFWS and USBR Field Monitoring","Not Active","4"
"420",2023-01-03,2023-01-10,"Stanislaus Fish Weir","Active","1"
"421",2023-01-03,2023-01-10,"SWP regular counts, CWT reading","Active","1"
"422",2023-01-03,2023-01-10,"SWP larval sampling","Not Active","4"
"423",2023-01-03,2023-01-10,"CVP regular counts, CWT reading","Active","1"
"424",2023-01-03,2023-01-10,"CVP larval sampling","Not Active","4"
"425",2023-01-03,2023-01-10,"Smelt Larval Survey","Active","1"
"426",2023-01-03,2023-01-10,"LEPS","Active","1"
"427",2023-01-03,2023-01-10,"20mm Survey","Not Active","4"
"428",2023-01-03,2023-01-10,"Spring Kodiak Trawl","Active","1"
"429",2023-01-03,2023-01-10,"Fall Mid-water Trawl","Not Active","4"
"430",2023-01-03,2023-01-10,"Summer Townet Survey","Not Active","4"
"431",2023-01-03,2023-01-10,"Bay Study","Active","1"
"432",2023-01-03,2023-01-10,"DJFMP- Chipps and Sacramento Trawls","Active (sampling three days a week starting in May)","1"
"433",2023-01-03,2023-01-10,"DJFMP- Seines","Partial interruption (due to floods and associated mud)","2"
"434",2023-01-03,2023-01-10,"EDSM","Active","1"
"435",2023-01-03,2023-01-10,"EMP","Active","1"
"436",2023-01-03,2023-01-10,"Mossdale","Active","1"
"437",2023-01-03,2023-01-10,"USGS Flow monitoring","Active","1"
"438",2023-01-03,2023-01-10,"Red Bluff Diversion Dam Rotary Screw Trap (RST)","Active","1"
"439",2023-01-03,2023-01-10,"Knights Landing RST","Active (inactive on 1/5)","1"
"440",2023-01-03,2023-01-10,"Tisdale RST","Active (inactive 1/7)","1"
"441",2023-01-03,2023-01-10,"GCID RST","Not Active (Traps pulled out of river due to high flows on 12/27)","4"
"442",2023-01-03,2023-01-10,"Yuba River (Hallwood) RST","Active – weekdays only","1"
"443",2023-01-03,2023-01-10,"Redd dewatering and stranding surveys","Not Active","4"
"444",2023-01-03,2023-01-10,"Sacramento Carcass and Redd Surveys","Active","1"
"445",2023-01-03,2023-01-10,"Lower Sacramento RST","Not Active as of 12/29","4"
"446",2023-01-03,2023-01-10,"Feather River (upper DWR) RST","Active","1"
"447",2023-01-03,2023-01-10,"Feather River (lower CDFW) RST","Active  (inactive on 1/4-1/10)","2"
"448",2023-01-03,2023-01-10,"SJRRP CDFW Field Monitoring","Active","1"
"449",2023-01-03,2023-01-10,"SJRRP USFWS and USBR Field Monitoring","Not Active","4"
"450",2023-01-03,2023-01-10,"Stanislaus Fish Weir","Active","1"
"451",2023-01-17,2023-01-24,"SWP regular counts, CWT reading","Active;  delay in CWT reading as DWR staff was unable to reach Skinner fish facility before 1/17 morning due to road closure for flooding.","1"
"452",2023-01-17,2023-01-24,"SWP larval sampling","Not Active","4"
"453",2023-01-17,2023-01-24,"CVP regular counts, CWT reading","Active","1"
"454",2023-01-17,2023-01-24,"CVP larval sampling","Not Active","4"
"455",2023-01-17,2023-01-24,"Smelt Larval Survey","Active","1"
"456",2023-01-17,2023-01-24,"LEPS","Active","1"
"457",2023-01-17,2023-01-24,"20mm Survey","Not Active","4"
"458",2023-01-17,2023-01-24,"Spring Kodiak Trawl","Active","1"
"459",2023-01-17,2023-01-24,"Fall Mid-water Trawl","Not Active","4"
"460",2023-01-17,2023-01-24,"Summer Townet Survey","Not Active","4"
"461",2023-01-17,2023-01-24,"Bay Study","Active","1"
"462",2023-01-17,2023-01-24,"DJFMP- Chipps and Sacramento Trawls","Active (sampling three days a week starting in May)","1"
"463",2023-01-17,2023-01-24,"DJFMP- Seines","Active","1"
"464",2023-01-17,2023-01-24,"EDSM","Active","1"
"465",2023-01-17,2023-01-24,"EMP","Active","1"
"466",2023-01-17,2023-01-24,"Mossdale","Active","1"
"467",2023-01-17,2023-01-24,"USGS Flow monitoring","Active","1"
"468",2023-01-17,2023-01-24,"Red Bluff Diversion Dam Rotary Screw Trap (RST)","Active","1"
"469",2023-01-17,2023-01-24,"Knights Landing RST","Active","1"
"470",2023-01-17,2023-01-24,"Tisdale RST","Active","1"
"471",2023-01-17,2023-01-24,"GCID RST","Not Active (Traps pulled out of river due to high flows on 12/27)","4"
"472",2023-01-17,2023-01-24,"Yuba River (Hallwood) RST","Active – weekdays only","1"
"473",2023-01-17,2023-01-24,"Redd dewatering and stranding surveys","Not Active","4"
"474",2023-01-17,2023-01-24,"Sacramento Carcass and Redd Surveys","Active","1"
"475",2023-01-17,2023-01-24,"Lower Sacramento RST","Not Active as of 12/29","4"
"476",2023-01-17,2023-01-24,"Feather River (upper DWR) RST","Active","1"
"477",2023-01-17,2023-01-24,"Feather River (lower CDFW) RST","Active  (inactive on 1/4-1/10)","2"
"478",2023-01-17,2023-01-24,"SJRRP CDFW Field Monitoring","Active","1"
"479",2023-01-17,2023-01-24,"SJRRP USFWS and USBR Field Monitoring","Not Active","4"
"480",2023-01-17,2023-01-24,"Stanislaus Fish Weir","Active","1"
"481",2023-01-24,2023-01-31,"SWP regular counts, CWT reading","Active","1"
"482",2023-01-24,2023-01-31,"SWP larval sampling","Not Active","4"
"483",2023-01-24,2023-01-31,"CVP regular counts, CWT reading","Partial (expected to reduce counts due to high vegetation)","2"
"484",2023-01-24,2023-01-31,"CVP larval sampling","Not Active","4"
"485",2023-01-24,2023-01-31,"Smelt Larval Survey","Active","1"
"486",2023-01-24,2023-01-31,"LEPS","Active","1"
"487",2023-01-24,2023-01-31,"20mm Survey","Not Active","4"
"488",2023-01-24,2023-01-31,"Spring Kodiak Trawl","Active","1"
"489",2023-01-24,2023-01-31,"Fall Mid-water Trawl","Not Active","4"
"490",2023-01-24,2023-01-31,"Summer Townet Survey","Not Active","4"
"491",2023-01-24,2023-01-31,"Bay Study","Active","1"
"492",2023-01-24,2023-01-31,"DJFMP- Chipps and Sacramento Trawls","Active (sampling three days a week starting in May)","1"
"493",2023-01-24,2023-01-31,"DJFMP- Seines","Partial","2"
"494",2023-01-24,2023-01-31,"EDSM","Active","1"
"495",2023-01-24,2023-01-31,"EMP","Active","1"
"496",2023-01-24,2023-01-31,"Mossdale","Active","1"
"497",2023-01-24,2023-01-31,"USGS Flow monitoring","Active","1"
"498",2023-01-24,2023-01-31,"Red Bluff Diversion Dam Rotary Screw Trap (RST)","Active","1"
"499",2023-01-24,2023-01-31,"Knights Landing RST","Partial (inactive on 1/19-1/23)","2"
"500",2023-01-24,2023-01-31,"Tisdale RST","Active (inactive on 1/22 -1/23)","1"
"501",2023-01-24,2023-01-31,"GCID RST","Not Active (Traps pulled out of river due to high flows on 12/27)","4"
"502",2023-01-24,2023-01-31,"Yuba River (Hallwood) RST","Active – weekdays only","1"
"503",2023-01-24,2023-01-31,"Redd dewatering and stranding surveys","Not Active","4"
"504",2023-01-24,2023-01-31,"Sacramento Carcass and Redd Surveys","Active","1"
"505",2023-01-24,2023-01-31,"Lower Sacramento RST","Not Active as of 12/29","4"
"506",2023-01-24,2023-01-31,"Feather River (upper DWR) RST","Active","1"
"507",2023-01-24,2023-01-31,"Feather River (lower CDFW) RST","Active  (inactive on 1/4-1/10)","2"
"508",2023-01-24,2023-01-31,"SJRRP CDFW Field Monitoring","Active","1"
"509",2023-01-24,2023-01-31,"SJRRP USFWS and USBR Field Monitoring","Not Active","4"
"510",2023-01-24,2023-01-31,"Stanislaus Fish Weir","Active","1"
"511",2023-01-31,2023-02-07,"SWP regular counts, CWT reading","Active","1"
"512",2023-01-31,2023-02-07,"SWP larval sampling","Not Active","4"
"513",2023-01-31,2023-02-07,"CVP regular counts, CWT reading","Partial (reduced counts on 1/23-1/25)","2"
"514",2023-01-31,2023-02-07,"CVP larval sampling","Not Active","4"
"515",2023-01-31,2023-02-07,"Smelt Larval Survey","Active","1"
"516",2023-01-31,2023-02-07,"LEPS","Active","1"
"517",2023-01-31,2023-02-07,"20mm Survey","Not Active","4"
"518",2023-01-31,2023-02-07,"Spring Kodiak Trawl","Active","1"
"519",2023-01-31,2023-02-07,"Fall Mid-water Trawl","Not Active","4"
"520",2023-01-31,2023-02-07,"Summer Townet Survey","Not Active","4"
"521",2023-01-31,2023-02-07,"Bay Study","Active","1"
"522",2023-01-31,2023-02-07,"DJFMP- Chipps and Sacramento Trawls","Active (sampling three days a week starting in May)","1"
"523",2023-01-31,2023-02-07,"DJFMP- Seines","Partial","2"
"524",2023-01-31,2023-02-07,"EDSM","Active","1"
"525",2023-01-31,2023-02-07,"EMP","Active","1"
"526",2023-01-31,2023-02-07,"Mossdale","Active","1"
"527",2023-01-31,2023-02-07,"USGS Flow monitoring","Active","1"
"528",2023-01-31,2023-02-07,"Red Bluff Diversion Dam Rotary Screw Trap (RST)","Active","1"
"529",2023-01-31,2023-02-07,"Knights Landing RST","Active (inactive 1/23-1/24)","1"
"530",2023-01-31,2023-02-07,"Tisdale RST","Active (inactive on 1/22 -1/23)","1"
"531",2023-01-31,2023-02-07,"GCID RST","Not Active (Traps pulled out of river due to high flows on 12/27)","4"
"532",2023-01-31,2023-02-07,"Yuba River (Hallwood) RST","Active – weekdays only","1"
"533",2023-01-31,2023-02-07,"Redd dewatering and stranding surveys","Not Active","4"
"534",2023-01-31,2023-02-07,"Sacramento Carcass and Redd Surveys","Active","1"
"535",2023-01-31,2023-02-07,"Lower Sacramento RST","Active (as of 1/30)","1"
"536",2023-01-31,2023-02-07,"Feather River (upper DWR) RST","Active","1"
"537",2023-01-31,2023-02-07,"Feather River (lower CDFW) RST","Active","1"
"538",2023-01-31,2023-02-07,"SJRRP CDFW Field Monitoring","Active","1"
"539",2023-01-31,2023-02-07,"SJRRP USFWS and USBR Field Monitoring","Not Active","4"
"540",2023-01-31,2023-02-07,"Stanislaus Fish Weir","Active","1"
"541",2023-02-07,2023-02-14,"SWP regular counts, CWT reading","Active","1"
"542",2023-02-07,2023-02-14,"SWP larval sampling","Not Active","4"
"543",2023-02-07,2023-02-14,"CVP regular counts, CWT reading","Active","1"
"544",2023-02-07,2023-02-14,"CVP larval sampling","Not Active","4"
"545",2023-02-07,2023-02-14,"Smelt Larval Survey","Active","1"
"546",2023-02-07,2023-02-14,"LEPS","Active","1"
"547",2023-02-07,2023-02-14,"20mm Survey","Not Active","4"
"548",2023-02-07,2023-02-14,"Spring Kodiak Trawl","Active","1"
"549",2023-02-07,2023-02-14,"Fall Mid-water Trawl","Not Active","4"
"550",2023-02-07,2023-02-14,"Summer Townet Survey","Not Active","4"
"551",2023-02-07,2023-02-14,"Bay Study","Active","1"
"552",2023-02-07,2023-02-14,"DJFMP- Chipps and Sacramento Trawls","Active (sampling three days a week starting in May)","1"
"553",2023-02-07,2023-02-14,"DJFMP- Seines","Active","1"
"554",2023-02-07,2023-02-14,"EDSM","Active","1"
"555",2023-02-07,2023-02-14,"EMP","Active","1"
"556",2023-02-07,2023-02-14,"Mossdale","Active","1"
"557",2023-02-07,2023-02-14,"USGS Flow monitoring","Active","1"
"558",2023-02-07,2023-02-14,"Red Bluff Diversion Dam Rotary Screw Trap (RST)","Active","1"
"559",2023-02-07,2023-02-14,"Knights Landing RST","Active","1"
"560",2023-02-07,2023-02-14,"Tisdale RST","Active","1"
"561",2023-02-07,2023-02-14,"GCID RST","Not Active (Traps pulled out of river due to high flows on 12/27)","4"
"562",2023-02-07,2023-02-14,"Yuba River (Hallwood) RST","Active – weekdays only","1"
"563",2023-02-07,2023-02-14,"Redd dewatering and stranding surveys","Not Active","4"
"564",2023-02-07,2023-02-14,"Sacramento Carcass and Redd Surveys","Active","1"
"565",2023-02-07,2023-02-14,"Lower Sacramento RST","Active","1"
"566",2023-02-07,2023-02-14,"Feather River (upper DWR) RST","Active","1"
"567",2023-02-07,2023-02-14,"Feather River (lower CDFW) RST","Active","1"
"568",2023-02-07,2023-02-14,"SJRRP CDFW Field Monitoring","Active","1"
"569",2023-02-07,2023-02-14,"SJRRP USFWS and USBR Field Monitoring","Not Active","4"
"570",2023-02-07,2023-02-14,"Stanislaus Fish Weir","Active","1"
"571",2023-02-14,2023-02-21,"SWP regular counts, CWT reading","Active","1"
"572",2023-02-14,2023-02-21,"SWP larval sampling","Not Active","4"
"573",2023-02-14,2023-02-21,"CVP regular counts, CWT reading","Partial Interruption","2"
"574",2023-02-14,2023-02-21,"CVP larval sampling","Not Active","4"
"575",2023-02-14,2023-02-21,"Smelt Larval Survey","Active","1"
"576",2023-02-14,2023-02-21,"LEPS","Active","1"
"577",2023-02-14,2023-02-21,"20mm Survey","Not Active","4"
"578",2023-02-14,2023-02-21,"Spring Kodiak Trawl","Active","1"
"579",2023-02-14,2023-02-21,"Fall Mid-water Trawl","Not Active","4"
"580",2023-02-14,2023-02-21,"Summer Townet Survey","Not Active","4"
"581",2023-02-14,2023-02-21,"Bay Study","Active","1"
"582",2023-02-14,2023-02-21,"DJFMP- Chipps and Sacramento Trawls","Active (sampling three days a week starting in May)","1"
"583",2023-02-14,2023-02-21,"DJFMP- Seines","Active","1"
"584",2023-02-14,2023-02-21,"EDSM","Active","1"
"585",2023-02-14,2023-02-21,"EMP","Active","1"
"586",2023-02-14,2023-02-21,"Mossdale","Active","1"
"587",2023-02-14,2023-02-21,"USGS Flow monitoring","Active","1"
"588",2023-02-14,2023-02-21,"Red Bluff Diversion Dam Rotary Screw Trap (RST)","Active","1"
"589",2023-02-14,2023-02-21,"Knights Landing RST","Active","1"
"590",2023-02-14,2023-02-21,"Tisdale RST","Active","1"
"591",2023-02-14,2023-02-21,"GCID RST","Not Active (Traps pulled out of river due to high flows on 12/27)","4"
"592",2023-02-14,2023-02-21,"Yuba River (Hallwood) RST","Active – weekdays only","1"
"593",2023-02-14,2023-02-21,"Redd dewatering and stranding surveys","Not Active","4"
"594",2023-02-14,2023-02-21,"Sacramento Carcass and Redd Surveys","Active","1"
"595",2023-02-14,2023-02-21,"Lower Sacramento RST","Active (inactive on 2/8)","1"
"596",2023-02-14,2023-02-21,"Feather River (upper DWR) RST","Active","1"
"597",2023-02-14,2023-02-21,"Feather River (lower CDFW) RST","Active","1"
"598",2023-02-14,2023-02-21,"SJRRP CDFW Field Monitoring","Active","1"
"599",2023-02-14,2023-02-21,"SJRRP USFWS and USBR Field Monitoring","Not Active","4"
"600",2023-02-14,2023-02-21,"Stanislaus Fish Weir","Active","1"
"601",2023-02-14,2023-02-21,"American River Carcass/Redd Surveys","Not Active","4"
"602",2023-02-14,2023-02-21,"Caswell RST","Active","1"
"603",2023-02-21,2023-02-28,"SWP regular counts, CWT reading","Active","1"
"604",2023-02-21,2023-02-28,"SWP larval sampling","Not Active","4"
"605",2023-02-21,2023-02-28,"CVP regular counts, CWT reading","Active","1"
"606",2023-02-21,2023-02-28,"CVP larval sampling","Not Active","4"
"607",2023-02-21,2023-02-28,"Smelt Larval Survey","Active","1"
"608",2023-02-21,2023-02-28,"LEPS","Active","1"
"609",2023-02-21,2023-02-28,"20mm Survey","Not Active","4"
"610",2023-02-21,2023-02-28,"Spring Kodiak Trawl","Active","1"
"611",2023-02-21,2023-02-28,"Fall Mid-water Trawl","Not Active","4"
"612",2023-02-21,2023-02-28,"Summer Townet Survey","Not Active","4"
"613",2023-02-21,2023-02-28,"Bay Study","Active","1"
"614",2023-02-21,2023-02-28,"DJFMP- Chipps and Sacramento Trawls","Active (sampling three days a week starting in May)","1"
"615",2023-02-21,2023-02-28,"DJFMP- Seines","Active","1"
"616",2023-02-21,2023-02-28,"EDSM","Active","1"
"617",2023-02-21,2023-02-28,"EMP","Active","1"
"618",2023-02-21,2023-02-28,"Mossdale","Active","1"
"619",2023-02-21,2023-02-28,"USGS Flow monitoring","Active","1"
"620",2023-02-21,2023-02-28,"Red Bluff Diversion Dam Rotary Screw Trap (RST)","Active","1"
"621",2023-02-21,2023-02-28,"Knights Landing RST","Active","1"
"622",2023-02-21,2023-02-28,"Tisdale RST","Active","1"
"623",2023-02-21,2023-02-28,"GCID RST","Not Active (Traps pulled out of river due to high flows on 12/27)","4"
"624",2023-02-21,2023-02-28,"Yuba River (Hallwood) RST","Active – weekdays only","1"
"625",2023-02-21,2023-02-28,"Redd dewatering and stranding surveys","Not Active","4"
"626",2023-02-21,2023-02-28,"Sacramento Carcass and Redd Surveys","Active","1"
"627",2023-02-21,2023-02-28,"Lower Sacramento RST","Active","1"
"628",2023-02-21,2023-02-28,"Feather River (upper DWR) RST","Active","1"
"629",2023-02-21,2023-02-28,"Feather River (lower CDFW) RST","Active","1"
"630",2023-02-21,2023-02-28,"SJRRP CDFW Field Monitoring","Active","1"
"631",2023-02-21,2023-02-28,"SJRRP USFWS and USBR Field Monitoring","Not Active","4"
"632",2023-02-21,2023-02-28,"Stanislaus Fish Weir","Active","1"
"633",2023-02-21,2023-02-28,"American River Carcass/Redd Surveys","Not Active","4"
"634",2023-02-21,2023-02-28,"Caswell RST","Active","1"
"635",2023-02-28,2023-03-07,"SWP regular counts, CWT reading","Active","1"
"636",2023-02-28,2023-03-07,"SWP larval sampling","Active (starting 3/1)","1"
"637",2023-02-28,2023-03-07,"CVP regular counts, CWT reading","Active","1"
"638",2023-02-28,2023-03-07,"CVP larval sampling","Active (starting 3/1)","1"
"639",2023-02-28,2023-03-07,"Smelt Larval Survey","Active","1"
"640",2023-02-28,2023-03-07,"LEPS","Active","1"
"641",2023-02-28,2023-03-07,"20mm Survey","Not Active","4"
"642",2023-02-28,2023-03-07,"Spring Kodiak Trawl","Active","1"
"643",2023-02-28,2023-03-07,"Fall Mid-water Trawl","Not Active","4"
"644",2023-02-28,2023-03-07,"Summer Townet Survey","Not Active","4"
"645",2023-02-28,2023-03-07,"Bay Study","Active","1"
"646",2023-02-28,2023-03-07,"DJFMP- Chipps and Sacramento Trawls","Active (Chipps Island Trawl running 5 days a week through March)","1"
"647",2023-02-28,2023-03-07,"DJFMP- Seines","Active","1"
"648",2023-02-28,2023-03-07,"EDSM","Active","1"
"649",2023-02-28,2023-03-07,"EMP","Active","1"
"650",2023-02-28,2023-03-07,"Mossdale","Active","1"
"651",2023-02-28,2023-03-07,"USGS Flow monitoring","Active","1"
"652",2023-02-28,2023-03-07,"Red Bluff Diversion Dam Rotary Screw Trap (RST)","Active","1"
"653",2023-02-28,2023-03-07,"Knights Landing RST","Active","1"
"654",2023-02-28,2023-03-07,"Tisdale RST","Active","1"
"655",2023-02-28,2023-03-07,"GCID RST","Not Active (Traps pulled out of river due to high flows on 12/27)","4"
"656",2023-02-28,2023-03-07,"Yuba River (Hallwood) RST","Active – weekdays only","1"
"657",2023-02-28,2023-03-07,"Redd dewatering and stranding surveys","Not Active","4"
"658",2023-02-28,2023-03-07,"Sacramento Carcass and Redd Surveys","Active","1"
"659",2023-02-28,2023-03-07,"Lower Sacramento RST","Active","1"
"660",2023-02-28,2023-03-07,"Feather River (upper DWR) RST","Active","1"
"661",2023-02-28,2023-03-07,"Feather River (lower CDFW) RST","Active","1"
"662",2023-02-28,2023-03-07,"SJRRP CDFW Field Monitoring","Not Active","4"
"663",2023-02-28,2023-03-07,"SJRRP USBR Field Monitoring","Active","1"
"664",2023-02-28,2023-03-07,"Stanislaus Fish Weir","Active","1"
"665",2023-02-28,2023-03-07,"American River Carcass/Redd Surveys","Not Active","4"
"666",2023-02-28,2023-03-07,"Caswell RST","Active","1"
"667",2023-03-07,2023-03-14,"SWP regular counts, CWT reading","Active","1"
"668",2023-03-07,2023-03-14,"SWP larval sampling","Active ] (started 3/1)","1"
"669",2023-03-07,2023-03-14,"CVP regular counts, CWT reading","Active","1"
"670",2023-03-07,2023-03-14,"CVP larval sampling","Active (started 3/1)","1"
"671",2023-03-07,2023-03-14,"Smelt Larval Survey","Active","1"
"672",2023-03-07,2023-03-14,"LEPS","Active","1"
"673",2023-03-07,2023-03-14,"20mm Survey","Not Active (starting 3/13)","4"
"674",2023-03-07,2023-03-14,"Spring Kodiak Trawl","Active","1"
"675",2023-03-07,2023-03-14,"Fall Mid-water Trawl","Not Active","4"
"676",2023-03-07,2023-03-14,"Summer Townet Survey","Not Active","4"
"677",2023-03-07,2023-03-14,"Bay Study","Active","1"
"678",2023-03-07,2023-03-14,"DJFMP- Chipps and Sacramento Trawls","Active (Chipps Island & Sacramento Trawl running 5 days a week through March)","1"
"679",2023-03-07,2023-03-14,"DJFMP- Seines","Active","1"
"680",2023-03-07,2023-03-14,"EDSM","Active","1"
"681",2023-03-07,2023-03-14,"EMP","Active","1"
"682",2023-03-07,2023-03-14,"Mossdale","Active","1"
"683",2023-03-07,2023-03-14,"USGS Flow monitoring","Active","1"
"684",2023-03-07,2023-03-14,"Red Bluff Diversion Dam Rotary Screw Trap (RST)","Active","1"
"685",2023-03-07,2023-03-14,"Knights Landing RST","Active","1"
"686",2023-03-07,2023-03-14,"Tisdale RST","Partial Interruption  (inactive from 2/26-2/28)","2"
"687",2023-03-07,2023-03-14,"GCID RST","Not Active )","4"
"688",2023-03-07,2023-03-14,"Yuba River (Hallwood) RST","Active – weekdays only","1"
"689",2023-03-07,2023-03-14,"Redd dewatering and stranding surveys","Not Active","4"
"690",2023-03-07,2023-03-14,"Sacramento Carcass and Redd Surveys","Active","1"
"691",2023-03-07,2023-03-14,"Lower Sacramento RST","Not Active (Traps pulled on 3/6 due to heavy debris and high flows)","4"
"692",2023-03-07,2023-03-14,"Feather River (upper DWR) RST","Not Active (Herringer Trap raised on 3/2 due to heavy debris)","4"
"693",2023-03-07,2023-03-14,"Feather River (lower CDFW) RST","Active","1"
"694",2023-03-07,2023-03-14,"SJRRP CDFW Field Monitoring","Not Active","4"
"695",2023-03-07,2023-03-14,"SJRRP USBR Field Monitoring","Active","1"
"696",2023-03-07,2023-03-14,"Stanislaus Fish Weir","Active","1"
"697",2023-03-07,2023-03-14,"American River Carcass/Redd Surveys","Not Active","4"
"698",2023-03-07,2023-03-14,"Caswell RST","Active","1"
"699",2023-03-14,2023-03-21,"SWP regular counts, CWT reading","Active","1"
"700",2023-03-14,2023-03-21,"SWP larval sampling","Active ] (started 3/1)","1"
"701",2023-03-14,2023-03-21,"CVP regular counts, CWT reading","Active","1"
"702",2023-03-14,2023-03-21,"CVP larval sampling","Active (started 3/1)","1"
"703",2023-03-14,2023-03-21,"Smelt Larval Survey","Active","1"
"704",2023-03-14,2023-03-21,"LEPS","Active","1"
"705",2023-03-14,2023-03-21,"20mm Survey","Not Active (starting 3/13)","4"
"706",2023-03-14,2023-03-21,"Spring Kodiak Trawl","Active","1"
"707",2023-03-14,2023-03-21,"Fall Mid-water Trawl","Not Active","4"
"708",2023-03-14,2023-03-21,"Summer Townet Survey","Not Active","4"
"709",2023-03-14,2023-03-21,"Bay Study","Active","1"
"710",2023-03-14,2023-03-21,"DJFMP- Chipps and Sacramento Trawls","Active (Chipps Island & Sacramento Trawl running 5 days a week through March)","1"
"711",2023-03-14,2023-03-21,"DJFMP- Seines","Active","1"
"712",2023-03-14,2023-03-21,"EDSM","Active","1"
"713",2023-03-14,2023-03-21,"EMP","Active","1"
"714",2023-03-14,2023-03-21,"Mossdale","Active","1"
"715",2023-03-14,2023-03-21,"USGS Flow monitoring","Active","1"
"716",2023-03-14,2023-03-21,"Red Bluff Diversion Dam Rotary Screw Trap (RST)","Active","1"
"717",2023-03-14,2023-03-21,"Knights Landing RST","Partial Interruption  (Inactive from 3/10-3/12)",""
"718",2023-03-14,2023-03-21,"Tisdale RST","Partial Interruption (Inactive from 3/10-3/11)","2"
"719",2023-03-14,2023-03-21,"GCID RST","Not Active)","4"
"720",2023-03-14,2023-03-21,"Yuba River (Hallwood) RST","Not Active – (Inactive 3/7-3/14)","4"
"721",2023-03-14,2023-03-21,"Redd dewatering and stranding surveys","Not Active","4"
"722",2023-03-14,2023-03-21,"Sacramento Carcass and Redd Surveys","Active","1"
"723",2023-03-14,2023-03-21,"Lower Sacramento RST","Not Active (Inactive from 3/4 -3/14)","4"
"724",2023-03-14,2023-03-21,"Feather River (upper DWR) RST","Partial Interruption (Inactive from 3/9-3/12))","2"
"725",2023-03-14,2023-03-21,"Feather River (lower CDFW) RST","Partial Interruption  (Inactive 3/8 - 3/12)","2"
"726",2023-03-14,2023-03-21,"SJRRP CDFW Field Monitoring","Not Active","4"
"727",2023-03-14,2023-03-21,"SJRRP USBR Field Monitoring","Active","1"
"728",2023-03-14,2023-03-21,"Stanislaus Fish Weir","Active","1"
"729",2023-03-14,2023-03-21,"American River Carcass/Redd Surveys","Not Active","4"
"730",2023-03-14,2023-03-21,"Caswell RST","Active (Inactive from 3/1-3/2)","1"
"731",2023-03-21,2023-03-28,"SWP regular counts, CWT reading","Active","1"
"732",2023-03-21,2023-03-28,"SWP larval sampling","Active","1"
"733",2023-03-21,2023-03-28,"CVP regular counts, CWT reading","Active","1"
"734",2023-03-21,2023-03-28,"CVP larval sampling","Active","1"
"735",2023-03-21,2023-03-28,"Smelt Larval Survey","Active","1"
"736",2023-03-21,2023-03-28,"LEPS","Active","1"
"737",2023-03-21,2023-03-28,"20mm Survey","Active","1"
"738",2023-03-21,2023-03-28,"Spring Kodiak Trawl","Active","1"
"739",2023-03-21,2023-03-28,"Fall Mid-water Trawl","Not Active","4"
"740",2023-03-21,2023-03-28,"Summer Townet Survey","Not Active","4"
"741",2023-03-21,2023-03-28,"Bay Study","Active","1"
"742",2023-03-21,2023-03-28,"DJFMP- Chipps and Sacramento Trawls","Active (Chipps Island & Sacramento Trawl running 5 days a week through March)","1"
"743",2023-03-21,2023-03-28,"DJFMP- Seines","Active","1"
"744",2023-03-21,2023-03-28,"EDSM","Active","1"
"745",2023-03-21,2023-03-28,"EMP","Active","1"
"746",2023-03-21,2023-03-28,"Mossdale","Active","1"
"747",2023-03-21,2023-03-28,"USGS Flow monitoring","Active","1"
"748",2023-03-21,2023-03-28,"Red Bluff Diversion Dam Rotary Screw Trap (RST)","Active","1"
"749",2023-03-21,2023-03-28,"Knights Landing RST","Active (Since 3/12)","1"
"750",2023-03-21,2023-03-28,"Tisdale RST","Active (Since 3/13)","1"
"751",2023-03-21,2023-03-28,"GCID RST","Not Active","4"
"752",2023-03-21,2023-03-28,"Yuba River (Hallwood) RST","Active (Since 3/20)","1"
"753",2023-03-21,2023-03-28,"Redd dewatering and stranding surveys","Not Active","4"
"754",2023-03-21,2023-03-28,"Sacramento Carcass and Redd Surveys","Active","1"
"755",2023-03-21,2023-03-28,"Lower Sacramento RST","Not Active (Since 3/8))","4"
"756",2023-03-21,2023-03-28,"Feather River (upper DWR) RST","Partial Interruption","2"
"757",2023-03-21,2023-03-28,"Feather River (lower CDFW) RST","Active (Inactive on 3/14)","1"
"758",2023-03-21,2023-03-28,"SJRRP CDFW Field Monitoring","Not Active","4"
"759",2023-03-21,2023-03-28,"SJRRP USBR Field Monitoring","Interrupted","3"
"760",2023-03-21,2023-03-28,"Stanislaus Fish Weir","Active","1"
"761",2023-03-21,2023-03-28,"American River Carcass/Redd Surveys","Not Active","4"
"762",2023-03-21,2023-03-28,"Caswell RST","Active","1"
"763",2023-03-28,2023-04-04,"SWP regular counts, CWT reading","Active","1"
"764",2023-03-28,2023-04-04,"SWP larval sampling","Active","1"
"765",2023-03-28,2023-04-04,"CVP regular counts, CWT reading","Active","1"
"766",2023-03-28,2023-04-04,"CVP larval sampling","Active","1"
"767",2023-03-28,2023-04-04,"Smelt Larval Survey","Active","1"
"768",2023-03-28,2023-04-04,"LEPS","Active","1"
"769",2023-03-28,2023-04-04,"20mm Survey","Active","1"
"770",2023-03-28,2023-04-04,"Spring Kodiak Trawl","Active","1"
"771",2023-03-28,2023-04-04,"Fall Mid-water Trawl","Not Active","4"
"772",2023-03-28,2023-04-04,"Summer Townet Survey","Not Active","4"
"773",2023-03-28,2023-04-04,"Bay Study","Active","1"
"774",2023-03-28,2023-04-04,"DJFMP- Chipps and Sacramento Trawls","Active (Chipps Island & Sacramento Trawl running 5 days a week through March)","1"
"775",2023-03-28,2023-04-04,"DJFMP- Seines","Active (San Joaquin River Seine is partially inactive)","1"
"776",2023-03-28,2023-04-04,"EDSM","Active","1"
"777",2023-03-28,2023-04-04,"EMP","Active","1"
"778",2023-03-28,2023-04-04,"Mossdale","Not Active","4"
"779",2023-03-28,2023-04-04,"USGS Flow monitoring","Active","1"
"780",2023-03-28,2023-04-04,"Red Bluff Diversion Dam Rotary Screw Trap (RST)","Active","1"
"781",2023-03-28,2023-04-04,"Knights Landing RST","Active","1"
"782",2023-03-28,2023-04-04,"Tisdale RST","Active (Partial interruption 3/25 -3/26)","1"
"783",2023-03-28,2023-04-04,"GCID RST","Not Active","4"
"784",2023-03-28,2023-04-04,"Yuba River (Hallwood) RST","Active","1"
"785",2023-03-28,2023-04-04,"Redd dewatering and stranding surveys","Not Active","4"
"786",2023-03-28,2023-04-04,"Sacramento Carcass and Redd Surveys","Active","1"
"787",2023-03-28,2023-04-04,"Lower Sacramento RST","Active (since 3/16)","1"
"788",2023-03-28,2023-04-04,"Feather River (upper DWR) RST","Active","4"
"789",2023-03-28,2023-04-04,"Feather River (lower CDFW) RST","Active","1"
"790",2023-03-28,2023-04-04,"SJRRP CDFW Field Monitoring","Not Active","4"
"791",2023-03-28,2023-04-04,"SJRRP USBR Field Monitoring","Interrupted","3"
"792",2023-03-28,2023-04-04,"Stanislaus Fish Weir","Not Active","4"
"793",2023-03-28,2023-04-04,"American River Carcass/Redd Surveys","Not Active","4"
"794",2023-03-28,2023-04-04,"Caswell RST","Active","1"
"795",2023-04-04,2023-04-11,"SWP regular counts, CWT reading","Active","1"
"796",2023-04-04,2023-04-11,"SWP larval sampling","Active","1"
"797",2023-04-04,2023-04-11,"CVP regular counts, CWT reading","Active","1"
"798",2023-04-04,2023-04-11,"CVP larval sampling","Active","1"
"799",2023-04-04,2023-04-11,"Smelt Larval Survey","Not Active","4"
"800",2023-04-04,2023-04-11,"LEPS","Active","1"
"801",2023-04-04,2023-04-11,"20mm Survey","Active","1"
"802",2023-04-04,2023-04-11,"Spring Kodiak Trawl","Active","1"
"803",2023-04-04,2023-04-11,"Fall Mid-water Trawl","Not Active","4"
"804",2023-04-04,2023-04-11,"Summer Townet Survey","Not Active","4"
"805",2023-04-04,2023-04-11,"Bay Study","Active","1"
"806",2023-04-04,2023-04-11,"DJFMP- Chipps and Sacramento Trawls","Active (Chipps Island & Sacramento Trawl running 5 days a week through March)","1"
"807",2023-04-04,2023-04-11,"DJFMP- Seines","Active (San Joaquin River Seine is partially inactive)","1"
"808",2023-04-04,2023-04-11,"EDSM","Active","1"
"809",2023-04-04,2023-04-11,"EMP","Active","1"
"810",2023-04-04,2023-04-11,"Mossdale","Not Active","4"
"811",2023-04-04,2023-04-11,"USGS Flow monitoring","Active","1"
"812",2023-04-04,2023-04-11,"Red Bluff Diversion Dam Rotary Screw Trap (RST)","Active","1"
"813",2023-04-04,2023-04-11,"Knights Landing RST","Active","1"
"814",2023-04-04,2023-04-11,"Tisdale RST","Active","1"
"815",2023-04-04,2023-04-11,"GCID RST","Not Active","4"
"816",2023-04-04,2023-04-11,"Yuba River (Hallwood) RST","Active","1"
"817",2023-04-04,2023-04-11,"Redd dewatering and stranding surveys","Not Active","4"
"818",2023-04-04,2023-04-11,"Sacramento Carcass and Redd Surveys","Active","1"
"819",2023-04-04,2023-04-11,"Lower Sacramento RST","Active","1"
"820",2023-04-04,2023-04-11,"Feather River (upper DWR) RST","Active","1"
"821",2023-04-04,2023-04-11,"Feather River (lower CDFW) RST","Active (fishing at half cone)","1"
"822",2023-04-04,2023-04-11,"SJRRP CDFW Field Monitoring","Not Active","4"
"823",2023-04-04,2023-04-11,"SJRRP USBR Field Monitoring","Interrupted","3"
"824",2023-04-04,2023-04-11,"Stanislaus Fish Weir","Active (limited operation due to high flows)","1"
"825",2023-04-04,2023-04-11,"American River Carcass/Redd Surveys","Not Active","4"
"826",2023-04-04,2023-04-11,"Caswell RST","Active","1"
"827",2023-04-11,2023-04-18,"SWP regular counts, CWT reading","Active","1"
"828",2023-04-11,2023-04-18,"SWP larval sampling","Active","1"
"829",2023-04-11,2023-04-18,"CVP regular counts, CWT reading","Active","1"
"830",2023-04-11,2023-04-18,"CVP larval sampling","Active","1"
"831",2023-04-11,2023-04-18,"Smelt Larval Survey","Not Active","4"
"832",2023-04-11,2023-04-18,"LEPS","Active","1"
"833",2023-04-11,2023-04-18,"20mm Survey","Active","1"
"834",2023-04-11,2023-04-18,"Spring Kodiak Trawl","Active","1"
"835",2023-04-11,2023-04-18,"Fall Mid-water Trawl","Not Active","4"
"836",2023-04-11,2023-04-18,"Summer Townet Survey","Not Active","4"
"837",2023-04-11,2023-04-18,"Bay Study","Active","1"
"838",2023-04-11,2023-04-18,"DJFMP- Chipps and Sacramento Trawls","Active","1"
"839",2023-04-11,2023-04-18,"DJFMP- Seines","Active (San Joaquin River Seine is partially inactive)","1"
"840",2023-04-11,2023-04-18,"EDSM","Active","1"
"841",2023-04-11,2023-04-18,"EMP","Active","1"
"842",2023-04-11,2023-04-18,"Mossdale","Not Active","4"
"843",2023-04-11,2023-04-18,"USGS Flow monitoring","Active","1"
"844",2023-04-11,2023-04-18,"Red Bluff Diversion Dam Rotary Screw Trap (RST)","Active","1"
"845",2023-04-11,2023-04-18,"Knights Landing RST","Active","1"
"846",2023-04-11,2023-04-18,"Tisdale RST","Active (Inactive from 4/9-4/10)","1"
"847",2023-04-11,2023-04-18,"GCID RST","Not Active","4"
"848",2023-04-11,2023-04-18,"Yuba River (Hallwood) RST","Active","1"
"849",2023-04-11,2023-04-18,"Redd dewatering and stranding surveys","Not Active","4"
"850",2023-04-11,2023-04-18,"Sacramento Carcass and Redd Surveys","Active","1"
"851",2023-04-11,2023-04-18,"Lower Sacramento RST","Active (Inactive from 4/7-4/9)","1"
"852",2023-04-11,2023-04-18,"Feather River (upper DWR) RST","Active","1"
"853",2023-04-11,2023-04-18,"Feather River (lower CDFW) RST","Active","1"
"854",2023-04-11,2023-04-18,"SJRRP CDFW Field Monitoring","Not Active","4"
"855",2023-04-11,2023-04-18,"SJRRP USBR Field Monitoring","Interrupted","3"
"856",2023-04-11,2023-04-18,"Stanislaus Fish Weir","Active (limited operation due to high flows)","1"
"857",2023-04-11,2023-04-18,"American River Carcass/Redd Surveys","Not Active","4"
"858",2023-04-11,2023-04-18,"Caswell RST","Active","1"
"859",2023-04-11,2023-04-18,"Wallace Weir","Active","1"
"860",2023-04-11,2023-04-18,"Butte Creek RST","Active","1"
"861",NA,NA,"SWP regular counts, CWT reading","Active","1"
"862",NA,NA,"SWP larval sampling","Active","1"
"863",NA,NA,"CVP regular counts, CWT reading","Active","1"
"864",NA,NA,"CVP larval sampling","Active","1"
"865",NA,NA,"Smelt Larval Survey","Not Active","4"
"866",NA,NA,"LEPS","Active","1"
"867",NA,NA,"20mm Survey","Active","1"
"868",NA,NA,"Spring Kodiak Trawl","Active","1"
"869",NA,NA,"Fall Mid-water Trawl","Not Active","4"
"870",NA,NA,"Summer Townet Survey","Not Active","4"
"871",NA,NA,"Bay Study","Active","1"
"872",NA,NA,"DJFMP- Chipps and Sacramento Trawls","Active","1"
"873",NA,NA,"DJFMP- Seines","Active (San Joaquin River Seine is partially inactive)","1"
"874",NA,NA,"EDSM","Active","1"
"875",NA,NA,"EMP","Active","1"
"876",NA,NA,"Mossdale","Not Active","4"
"877",NA,NA,"USGS Flow monitoring","Active","1"
"878",NA,NA,"Red Bluff Diversion Dam Rotary Screw Trap (RST)","Active","1"
"879",NA,NA,"Knights Landing RST","Active","1"
"880",NA,NA,"Tisdale RST","Active","1"
"881",NA,NA,"GCID RST","Not Active","4"
"882",NA,NA,"Yuba River (Hallwood) RST","Active","1"
"883",NA,NA,"Redd dewatering and stranding surveys","Not Active","4"
"884",NA,NA,"Sacramento Carcass and Redd Surveys","Active","1"
"885",NA,NA,"Lower Sacramento RST","Active","1"
"886",NA,NA,"Feather River (upper DWR) RST","Active","1"
"887",NA,NA,"Feather River (lower CDFW) RST","Active","1"
"888",NA,NA,"SJRRP CDFW Field Monitoring","Not Active","4"
"889",NA,NA,"SJRRP USBR Field Monitoring","Interrupted","3"
"890",NA,NA,"Stanislaus Fish Weir","Active","1"
"891",NA,NA,"American River Carcass/Redd Surveys","Not Active","4"
"892",NA,NA,"Caswell RST","Active","1"
"893",NA,NA,"Wallace Weir","Active","1"
"894",NA,NA,"Butte Creek RST","Active","1"
"895",2023-04-25,2023-05-02,"SWP regular counts, CWT reading","Active","1"
"896",2023-04-25,2023-05-02,"SWP larval sampling","Active","1"
"897",2023-04-25,2023-05-02,"CVP regular counts, CWT reading","Active","1"
"898",2023-04-25,2023-05-02,"CVP larval sampling","Active","1"
"899",2023-04-25,2023-05-02,"Smelt Larval Survey","Not Active","4"
"900",2023-04-25,2023-05-02,"LEPS","Active","1"
"901",2023-04-25,2023-05-02,"20mm Survey","Active","1"
"902",2023-04-25,2023-05-02,"Spring Kodiak Trawl","Active","1"
"903",2023-04-25,2023-05-02,"Fall Mid-water Trawl","Not Active","4"
"904",2023-04-25,2023-05-02,"Summer Townet Survey","Not Active","4"
"905",2023-04-25,2023-05-02,"Bay Study","Active","1"
"906",2023-04-25,2023-05-02,"DJFMP- Chipps and Sacramento Trawls","Active","1"
"907",2023-04-25,2023-05-02,"DJFMP- Seines","Active (San Joaquin River Seine is partially inactive)","1"
"908",2023-04-25,2023-05-02,"EDSM","Active","1"
"909",2023-04-25,2023-05-02,"EMP","Active","1"
"910",2023-04-25,2023-05-02,"Mossdale","Active (as of 4/24)","1"
"911",2023-04-25,2023-05-02,"USGS Flow monitoring","Active","1"
"912",2023-04-25,2023-05-02,"Red Bluff Diversion Dam Rotary Screw Trap (RST)","Active","1"
"913",2023-04-25,2023-05-02,"Knights Landing RST","Active","1"
"914",2023-04-25,2023-05-02,"Tisdale RST","Active","1"
"915",2023-04-25,2023-05-02,"GCID RST","Not Active","4"
"916",2023-04-25,2023-05-02,"Yuba River (Hallwood) RST","Active","1"
"917",2023-04-25,2023-05-02,"Redd dewatering and stranding surveys","Not Active","4"
"918",2023-04-25,2023-05-02,"Sacramento Carcass and Redd Surveys","Active","1"
"919",2023-04-25,2023-05-02,"Lower Sacramento RST","Active","1"
"920",2023-04-25,2023-05-02,"Feather River (upper DWR) RST","Active","1"
"921",2023-04-25,2023-05-02,"Feather River (lower CDFW) RST","Active","1"
"922",2023-04-25,2023-05-02,"SJRRP CDFW Field Monitoring","Not Active","4"
"923",2023-04-25,2023-05-02,"SJRRP USBR Field Monitoring","Interrupted","3"
"924",2023-04-25,2023-05-02,"Stanislaus Fish Weir","Active","1"
"925",2023-04-25,2023-05-02,"American River Carcass/Redd Surveys","Not Active","4"
"926",2023-04-25,2023-05-02,"Caswell RST","Active","1"
"927",2023-04-25,2023-05-02,"Wallace Weir","Active","1"
"928",2023-04-25,2023-05-02,"Butte Creek RST","Active","1"
"929",2023-05-02,2023-05-09,"SWP regular counts, CWT reading","Active","1"
"930",2023-05-02,2023-05-09,"SWP larval sampling","Active","1"
"931",2023-05-02,2023-05-09,"CVP regular counts, CWT reading","Active","1"
"932",2023-05-02,2023-05-09,"CVP larval sampling","Active","1"
"933",2023-05-02,2023-05-09,"Smelt Larval Survey","Not Active","4"
"934",2023-05-02,2023-05-09,"LEPS","Active","1"
"935",2023-05-02,2023-05-09,"20mm Survey","Active","1"
"936",2023-05-02,2023-05-09,"Spring Kodiak Trawl","Active","1"
"937",2023-05-02,2023-05-09,"Fall Mid-water Trawl","Not Active","4"
"938",2023-05-02,2023-05-09,"Summer Townet Survey","Not Active","4"
"939",2023-05-02,2023-05-09,"Bay Study","Active","1"
"940",2023-05-02,2023-05-09,"DJFMP- Chipps and Sacramento Trawls","Active","1"
"941",2023-05-02,2023-05-09,"DJFMP- Seines","Active (San Joaquin River Seine is partially inactive)","1"
"942",2023-05-02,2023-05-09,"EDSM","Active","1"
"943",2023-05-02,2023-05-09,"EMP","Active","1"
"944",2023-05-02,2023-05-09,"Mossdale","Active","1"
"945",2023-05-02,2023-05-09,"USGS Flow monitoring","Active","1"
"946",2023-05-02,2023-05-09,"Red Bluff Diversion Dam Rotary Screw Trap (RST)","Partial Interruption (Inactive from 4/25-4/30)","2"
"947",2023-05-02,2023-05-09,"Knights Landing RST","Active","1"
"948",2023-05-02,2023-05-09,"Tisdale RST","Active","1"
"949",2023-05-02,2023-05-09,"GCID RST","Not Active","4"
"950",2023-05-02,2023-05-09,"Yuba River (Hallwood) RST","Active","1"
"951",2023-05-02,2023-05-09,"Redd dewatering and stranding surveys","Not Active","4"
"952",2023-05-02,2023-05-09,"Sacramento Carcass and Redd Surveys","Active","1"
"953",2023-05-02,2023-05-09,"Lower Sacramento RST","Active","1"
"954",2023-05-02,2023-05-09,"Feather River (upper DWR) RST","Active","1"
"955",2023-05-02,2023-05-09,"Feather River (lower CDFW) RST","Interrupted  (screens pulled on 4/28)","3"
"956",2023-05-02,2023-05-09,"SJRRP CDFW Field Monitoring","Not Active","4"
"957",2023-05-02,2023-05-09,"SJRRP USBR Field Monitoring","Interrupted","3"
"958",2023-05-02,2023-05-09,"Stanislaus Fish Weir","Not Active","4"
"959",2023-05-02,2023-05-09,"American River Carcass/Redd Surveys","Not Active","4"
"960",2023-05-02,2023-05-09,"Caswell RST","Active","1"
"961",2023-05-02,2023-05-09,"Wallace Weir","Active","1"
"962",2023-05-02,2023-05-09,"Butte Creek RST","Partial Interruption (Inactive from 4/28-4/30)","2"
"963",2023-05-09,2023-05-16,"SWP regular counts, CWT reading","Active","1"
"964",2023-05-09,2023-05-16,"SWP larval sampling","Active","1"
"965",2023-05-09,2023-05-16,"CVP regular counts, CWT reading","Active","1"
"966",2023-05-09,2023-05-16,"CVP larval sampling","Active","1"
"967",2023-05-09,2023-05-16,"Smelt Larval Survey","Not Active","4"
"968",2023-05-09,2023-05-16,"LEPS","Not Active (Completed for year)","4"
"969",2023-05-09,2023-05-16,"20mm Survey","Active","1"
"970",2023-05-09,2023-05-16,"Spring Kodiak Trawl","Not Active (Completed for year)","4"
"971",2023-05-09,2023-05-16,"Fall Mid-water Trawl","Not Active","4"
"972",2023-05-09,2023-05-16,"Summer Townet Survey","Not Active","4"
"973",2023-05-09,2023-05-16,"Bay Study","Active","1"
"974",2023-05-09,2023-05-16,"DJFMP- Chipps and Sacramento Trawls","Active","1"
"975",2023-05-09,2023-05-16,"DJFMP- Seines","Active (San Joaquin River Seine is partially inactive)","1"
"976",2023-05-09,2023-05-16,"EDSM","Active","1"
"977",2023-05-09,2023-05-16,"EMP","Active","1"
"978",2023-05-09,2023-05-16,"Mossdale","Active","1"
"979",2023-05-09,2023-05-16,"USGS Flow monitoring","Active","1"
"980",2023-05-09,2023-05-16,"Red Bluff Diversion Dam Rotary Screw Trap (RST)","Active","1"
"981",2023-05-09,2023-05-16,"Knights Landing RST","Active","1"
"982",2023-05-09,2023-05-16,"Tisdale RST","Active","1"
"983",2023-05-09,2023-05-16,"GCID RST","Not Active","4"
"984",2023-05-09,2023-05-16,"Yuba River (Hallwood) RST","Active","1"
"985",2023-05-09,2023-05-16,"Redd dewatering and stranding surveys","Not Active","4"
"986",2023-05-09,2023-05-16,"Sacramento Carcass and Redd Surveys","Active","1"
"987",2023-05-09,2023-05-16,"Lower Sacramento RST","Active","1"
"988",2023-05-09,2023-05-16,"Feather River (upper DWR) RST","Active","1"
"989",2023-05-09,2023-05-16,"Feather River (lower CDFW) RST","Active","1"
"990",2023-05-09,2023-05-16,"SJRRP CDFW Field Monitoring","Not Active","4"
"991",2023-05-09,2023-05-16,"SJRRP USBR Field Monitoring","Interrupted","3"
"992",2023-05-09,2023-05-16,"Stanislaus Fish Weir","Not Active","4"
"993",2023-05-09,2023-05-16,"American River Carcass/Redd Surveys","Not Active","4"
"994",2023-05-09,2023-05-16,"Caswell RST","Active","1"
"995",2023-05-09,2023-05-16,"Wallace Weir","Active","1"
"996",2023-05-09,2023-05-16,"Butte Creek RST","Partial Interruption (Inactive from 4/28-4/30)","2"
"997",2023-05-16,2023-05-23,"SWP regular counts, CWT reading","Not Active (as of 5/15)","4"
"998",2023-05-16,2023-05-23,"SWP larval sampling","Not Active (as of 5/15)","4"
"999",2023-05-16,2023-05-23,"CVP regular counts, CWT reading","Active","1"
"1000",2023-05-16,2023-05-23,"CVP larval sampling","Active","1"
"1001",2023-05-16,2023-05-23,"Smelt Larval Survey","Not Active","4"
"1002",2023-05-16,2023-05-23,"LEPS","Not Active (Completed for year)","4"
"1003",2023-05-16,2023-05-23,"20mm Survey","Active","1"
"1004",2023-05-16,2023-05-23,"Spring Kodiak Trawl","Not Active (Completed for year)","4"
"1005",2023-05-16,2023-05-23,"Fall Mid-water Trawl","Not Active","4"
"1006",2023-05-16,2023-05-23,"Summer Townet Survey","Not Active","4"
"1007",2023-05-16,2023-05-23,"Bay Study","Active","1"
"1008",2023-05-16,2023-05-23,"DJFMP- Chipps and Sacramento Trawls","Active","1"
"1009",2023-05-16,2023-05-23,"DJFMP- Seines","Active (San Joaquin River Seine is partially inactive)","1"
"1010",2023-05-16,2023-05-23,"EDSM","Active","1"
"1011",2023-05-16,2023-05-23,"EMP","Active","1"
"1012",2023-05-16,2023-05-23,"Mossdale","Active","1"
"1013",2023-05-16,2023-05-23,"USGS Flow monitoring","Active","1"
"1014",2023-05-16,2023-05-23,"Red Bluff Diversion Dam Rotary Screw Trap (RST)","Active","1"
"1015",2023-05-16,2023-05-23,"Knights Landing RST","Active","1"
"1016",2023-05-16,2023-05-23,"Tisdale RST","Active","1"
"1017",2023-05-16,2023-05-23,"GCID RST","Not Active","4"
"1018",2023-05-16,2023-05-23,"Yuba River (Hallwood) RST","Active","1"
"1019",2023-05-16,2023-05-23,"Redd dewatering and stranding surveys","Not Active","4"
"1020",2023-05-16,2023-05-23,"Sacramento Carcass and Redd Surveys","Active","1"
"1021",2023-05-16,2023-05-23,"Lower Sacramento RST","Active","1"
"1022",2023-05-16,2023-05-23,"Feather River (upper DWR) RST","Active","1"
"1023",2023-05-16,2023-05-23,"Feather River (lower CDFW) RST","Active","1"
"1024",2023-05-16,2023-05-23,"SJRRP CDFW Field Monitoring","Not Active","4"
"1025",2023-05-16,2023-05-23,"SJRRP USBR Field Monitoring","Interrupted","3"
"1026",2023-05-16,2023-05-23,"Stanislaus Fish Weir","Not Active","4"
"1027",2023-05-16,2023-05-23,"American River Carcass/Redd Surveys","Not Active","4"
"1028",2023-05-16,2023-05-23,"Caswell RST","Active","1"
"1029",2023-05-16,2023-05-23,"Wallace Weir","Active","1"
"1030",2023-05-16,2023-05-23,"Butte Creek RST","Active","1"
"1031",2023-05-23,2023-05-30,"SWP regular counts, CWT reading","Not Active (as of 5/15)","4"
"1032",2023-05-23,2023-05-30,"SWP larval sampling","Not Active (as of 5/15)","4"
"1033",2023-05-23,2023-05-30,"CVP regular counts, CWT reading","Active","1"
"1034",2023-05-23,2023-05-30,"CVP larval sampling","Active","1"
"1035",2023-05-23,2023-05-30,"Smelt Larval Survey","Not Active","4"
"1036",2023-05-23,2023-05-30,"LEPS","Not Active (Completed for year)","4"
"1037",2023-05-23,2023-05-30,"20mm Survey","Active","1"
"1038",2023-05-23,2023-05-30,"Spring Kodiak Trawl","Not Active (Completed for year)","4"
"1039",2023-05-23,2023-05-30,"Fall Mid-water Trawl","Not Active","4"
"1040",2023-05-23,2023-05-30,"Summer Townet Survey","Not Active","4"
"1041",2023-05-23,2023-05-30,"Bay Study","Active","1"
"1042",2023-05-23,2023-05-30,"DJFMP- Chipps and Sacramento Trawls","Active","1"
"1043",2023-05-23,2023-05-30,"DJFMP- Seines","Active (San Joaquin River Seine is partially inactive)","1"
"1044",2023-05-23,2023-05-30,"EDSM","Active","1"
"1045",2023-05-23,2023-05-30,"EMP","Active","1"
"1046",2023-05-23,2023-05-30,"Mossdale","Active","1"
"1047",2023-05-23,2023-05-30,"USGS Flow monitoring","Active","1"
"1048",2023-05-23,2023-05-30,"Red Bluff Diversion Dam Rotary Screw Trap (RST)","Active","1"
"1049",2023-05-23,2023-05-30,"Knights Landing RST","Active","1"
"1050",2023-05-23,2023-05-30,"Tisdale RST","Active","1"
"1051",2023-05-23,2023-05-30,"GCID RST","Not Active","4"
"1052",2023-05-23,2023-05-30,"Yuba River (Hallwood) RST","Active","1"
"1053",2023-05-23,2023-05-30,"Redd dewatering and stranding surveys","Not Active","4"
"1054",2023-05-23,2023-05-30,"Sacramento Carcass and Redd Surveys","Active","1"
"1055",2023-05-23,2023-05-30,"Lower Sacramento RST","Active","1"
"1056",2023-05-23,2023-05-30,"Feather River (upper DWR) RST","Active","1"
"1057",2023-05-23,2023-05-30,"Feather River (lower CDFW) RST","Active","1"
"1058",2023-05-23,2023-05-30,"SJRRP CDFW Field Monitoring","Not Active","4"
"1059",2023-05-23,2023-05-30,"SJRRP USBR Field Monitoring","Interrupted","3"
"1060",2023-05-23,2023-05-30,"Stanislaus Fish Weir","Not Active","4"
"1061",2023-05-23,2023-05-30,"American River Carcass/Redd Surveys","Not Active","4"
"1062",2023-05-23,2023-05-30,"Caswell RST","Active","1"
"1063",2023-05-23,2023-05-30,"Wallace Weir","Active","1"
"1064",2023-05-23,2023-05-30,"Butte Creek RST","Active","1"
"1065",2023-05-30,2023-06-06,"SWP regular counts, CWT reading","Not Active (as of 5/15)","4"
"1066",2023-05-30,2023-06-06,"SWP larval sampling","Not Active (as of 5/15)","4"
"1067",2023-05-30,2023-06-06,"CVP regular counts, CWT reading","Active","1"
"1068",2023-05-30,2023-06-06,"CVP larval sampling","Active","1"
"1069",2023-05-30,2023-06-06,"Smelt Larval Survey","Not Active","4"
"1070",2023-05-30,2023-06-06,"LEPS","Not Active (Completed for year)","4"
"1071",2023-05-30,2023-06-06,"20mm Survey","Active","1"
"1072",2023-05-30,2023-06-06,"Spring Kodiak Trawl","Not Active (Completed for year)","4"
"1073",2023-05-30,2023-06-06,"Fall Mid-water Trawl","Not Active","4"
"1074",2023-05-30,2023-06-06,"Summer Townet Survey","Not Active","4"
"1075",2023-05-30,2023-06-06,"Bay Study","Active","1"
"1076",2023-05-30,2023-06-06,"DJFMP- Chipps and Sacramento Trawls","Active","1"
"1077",2023-05-30,2023-06-06,"DJFMP- Seines","Active (San Joaquin River Seine is partially inactive)","1"
"1078",2023-05-30,2023-06-06,"EDSM","Active","1"
"1079",2023-05-30,2023-06-06,"EMP","Active","1"
"1080",2023-05-30,2023-06-06,"Mossdale","Active","1"
"1081",2023-05-30,2023-06-06,"USGS Flow monitoring","Active","1"
"1082",2023-05-30,2023-06-06,"Red Bluff Diversion Dam Rotary Screw Trap (RST)","Active","1"
"1083",2023-05-30,2023-06-06,"Knights Landing RST","Active","1"
"1084",2023-05-30,2023-06-06,"Tisdale RST","Active","1"
"1085",2023-05-30,2023-06-06,"GCID RST","Not Active","4"
"1086",2023-05-30,2023-06-06,"Yuba River (Hallwood) RST","Active","1"
"1087",2023-05-30,2023-06-06,"Redd dewatering and stranding surveys","Not Active","4"
"1088",2023-05-30,2023-06-06,"Sacramento Carcass and Redd Surveys","Active","1"
"1089",2023-05-30,2023-06-06,"Lower Sacramento RST","Active","1"
"1090",2023-05-30,2023-06-06,"Feather River (upper DWR) RST","Active","1"
"1091",2023-05-30,2023-06-06,"Feather River (lower CDFW) RST","Active","1"
"1092",2023-05-30,2023-06-06,"SJRRP CDFW Field Monitoring","Not Active","4"
"1093",2023-05-30,2023-06-06,"SJRRP USBR Field Monitoring","Interrupted","3"
"1094",2023-05-30,2023-06-06,"Stanislaus Fish Weir","Not Active","4"
"1095",2023-05-30,2023-06-06,"American River Carcass/Redd Surveys","Not Active","4"
"1096",2023-05-30,2023-06-06,"Caswell RST","Active","1"
"1097",2023-05-30,2023-06-06,"Wallace Weir","Active","1"
"1098",2023-05-30,2023-06-06,"Butte Creek RST","Active","1"
"1099",2023-06-06,2023-06-13,"SWP regular counts, CWT reading","Active (as of 5/19)","1"
"1100",2023-06-06,2023-06-13,"SWP larval sampling","Active (as of 5/19)","1"
"1101",2023-06-06,2023-06-13,"CVP regular counts, CWT reading","Active","1"
"1102",2023-06-06,2023-06-13,"CVP larval sampling","Active","1"
"1103",2023-06-06,2023-06-13,"Smelt Larval Survey","Not Active","4"
"1104",2023-06-06,2023-06-13,"LEPS","Not Active (Completed for year)","4"
"1105",2023-06-06,2023-06-13,"20mm Survey","Active","1"
"1106",2023-06-06,2023-06-13,"Spring Kodiak Trawl","Not Active (Completed for year)","4"
"1107",2023-06-06,2023-06-13,"Fall Mid-water Trawl","Not Active","4"
"1108",2023-06-06,2023-06-13,"Summer Townet Survey","Not Active","4"
"1109",2023-06-06,2023-06-13,"Bay Study","Active","1"
"1110",2023-06-06,2023-06-13,"DJFMP- Chipps and Sacramento Trawls","Active","1"
"1111",2023-06-06,2023-06-13,"DJFMP- Seines","Active (San Joaquin River Seine is partially inactive)","1"
"1112",2023-06-06,2023-06-13,"EDSM","Active","1"
"1113",2023-06-06,2023-06-13,"EMP","Active","1"
"1114",2023-06-06,2023-06-13,"Mossdale","Active","1"
"1115",2023-06-06,2023-06-13,"USGS Flow monitoring","Active","1"
"1116",2023-06-06,2023-06-13,"Red Bluff Diversion Dam Rotary Screw Trap (RST)","Active","1"
"1117",2023-06-06,2023-06-13,"Knights Landing RST","Active","1"
"1118",2023-06-06,2023-06-13,"Tisdale RST","Active","1"
"1119",2023-06-06,2023-06-13,"GCID RST","Not Active","4"
"1120",2023-06-06,2023-06-13,"Yuba River (Hallwood) RST","Active","1"
"1121",2023-06-06,2023-06-13,"Redd dewatering and stranding surveys","Not Active","4"
"1122",2023-06-06,2023-06-13,"Sacramento Carcass and Redd Surveys","Active","1"
"1123",2023-06-06,2023-06-13,"Lower Sacramento RST","Active","1"
"1124",2023-06-06,2023-06-13,"Feather River (upper DWR) RST","Active","1"
"1125",2023-06-06,2023-06-13,"Feather River (lower CDFW) RST","Active","1"
"1126",2023-06-06,2023-06-13,"SJRRP CDFW Field Monitoring","Not Active","4"
"1127",2023-06-06,2023-06-13,"SJRRP USBR Field Monitoring","Interrupted","3"
"1128",2023-06-06,2023-06-13,"Stanislaus Fish Weir","Not Active","4"
"1129",2023-06-06,2023-06-13,"American River Carcass/Redd Surveys","Not Active","4"
"1130",2023-06-06,2023-06-13,"Caswell RST","Active","1"
"1131",2023-06-06,2023-06-13,"Wallace Weir","Active","1"
"1132",2023-06-06,2023-06-13,"Butte Creek RST","Active","1"
"1133",2023-06-13,2023-06-20,"SWP regular counts, CWT reading","Active (as of 5/19)","1"
"1134",2023-06-13,2023-06-20,"SWP larval sampling","Not Active (Completed for year)","4"
"1135",2023-06-13,2023-06-20,"CVP regular counts, CWT reading","Active","1"
"1136",2023-06-13,2023-06-20,"CVP larval sampling","Not Active (Completed for year)","4"
"1137",2023-06-13,2023-06-20,"Smelt Larval Survey","Not Active","4"
"1138",2023-06-13,2023-06-20,"LEPS","Not Active (Completed for year)","4"
"1139",2023-06-13,2023-06-20,"20mm Survey","Active","1"
"1140",2023-06-13,2023-06-20,"Spring Kodiak Trawl","Not Active (Completed for year)","4"
"1141",2023-06-13,2023-06-20,"Fall Mid-water Trawl","Not Active","4"
"1142",2023-06-13,2023-06-20,"Summer Townet Survey","Active","1"
"1143",2023-06-13,2023-06-20,"Bay Study","Active","1"
"1144",2023-06-13,2023-06-20,"DJFMP- Chipps and Sacramento Trawls","Active","1"
"1145",2023-06-13,2023-06-20,"DJFMP- Seines","Active (San Joaquin River Seine is partially inactive)","1"
"1146",2023-06-13,2023-06-20,"EDSM","Active","1"
"1147",2023-06-13,2023-06-20,"EMP","Active","1"
"1148",2023-06-13,2023-06-20,"Mossdale","Active","1"
"1149",2023-06-13,2023-06-20,"USGS Flow monitoring","Active","1"
"1150",2023-06-13,2023-06-20,"Red Bluff Diversion Dam Rotary Screw Trap (RST)","Active","1"
"1151",2023-06-13,2023-06-20,"Knights Landing RST","Active","1"
"1152",2023-06-13,2023-06-20,"Tisdale RST","Active","1"
"1153",2023-06-13,2023-06-20,"GCID RST","Not Active","4"
"1154",2023-06-13,2023-06-20,"Yuba River (Hallwood) RST","Active","1"
"1155",2023-06-13,2023-06-20,"Redd dewatering and stranding surveys","Not Active","4"
"1156",2023-06-13,2023-06-20,"Sacramento Carcass and Redd Surveys","Active","1"
"1157",2023-06-13,2023-06-20,"Lower Sacramento RST","Active","1"
"1158",2023-06-13,2023-06-20,"Feather River (upper DWR) RST","Active","1"
"1159",2023-06-13,2023-06-20,"Feather River (lower CDFW) RST","Active","1"
"1160",2023-06-13,2023-06-20,"SJRRP CDFW Field Monitoring","Not Active","4"
"1161",2023-06-13,2023-06-20,"SJRRP USBR Field Monitoring","Interrupted","3"
"1162",2023-06-13,2023-06-20,"Stanislaus Fish Weir","Not Active","4"
"1163",2023-06-13,2023-06-20,"American River Carcass/Redd Surveys","Not Active","4"
"1164",2023-06-13,2023-06-20,"Caswell RST","Active","1"
"1165",2023-06-13,2023-06-20,"Wallace Weir","Not Active (due to low flows)","4"
"1166",2023-06-13,2023-06-20,"Butte Creek RST","Active","1"
"1167",2023-06-20,2023-06-27,"SWP regular counts, CWT reading","Active (as of 5/19)","1"
"1168",2023-06-20,2023-06-27,"SWP larval sampling","Not Active (Completed for year)","4"
"1169",2023-06-20,2023-06-27,"CVP regular counts, CWT reading","Active","1"
"1170",2023-06-20,2023-06-27,"CVP larval sampling","Not Active (Completed for year)","4"
"1171",2023-06-20,2023-06-27,"Smelt Larval Survey","Not Active","4"
"1172",2023-06-20,2023-06-27,"LEPS","Not Active (Completed for year)","4"
"1173",2023-06-20,2023-06-27,"20mm Survey","Active","1"
"1174",2023-06-20,2023-06-27,"Spring Kodiak Trawl","Not Active (Completed for year)","4"
"1175",2023-06-20,2023-06-27,"Fall Mid-water Trawl","Not Active","4"
"1176",2023-06-20,2023-06-27,"Summer Townet Survey","Active","1"
"1177",2023-06-20,2023-06-27,"Bay Study","Active","1"
"1178",2023-06-20,2023-06-27,"DJFMP- Chipps and Sacramento Trawls","Active","1"
"1179",2023-06-20,2023-06-27,"DJFMP- Seines","Active (San Joaquin River Seine is partially inactive)","1"
"1180",2023-06-20,2023-06-27,"EDSM","Active","1"
"1181",2023-06-20,2023-06-27,"EMP","Active","1"
"1182",2023-06-20,2023-06-27,"Mossdale","Active","1"
"1183",2023-06-20,2023-06-27,"USGS Flow monitoring","Active","1"
"1184",2023-06-20,2023-06-27,"Red Bluff Diversion Dam Rotary Screw Trap (RST)","Active","1"
"1185",2023-06-20,2023-06-27,"Knights Landing RST","Active","1"
"1186",2023-06-20,2023-06-27,"Tisdale RST","Active","1"
"1187",2023-06-20,2023-06-27,"GCID RST","Not Active","4"
"1188",2023-06-20,2023-06-27,"Yuba River (Hallwood) RST","Active","1"
"1189",2023-06-20,2023-06-27,"Redd dewatering and stranding surveys","Not Active","4"
"1190",2023-06-20,2023-06-27,"Sacramento Carcass and Redd Surveys","Active","1"
"1191",2023-06-20,2023-06-27,"Lower Sacramento RST","Active","1"
"1192",2023-06-20,2023-06-27,"Feather River (upper DWR) RST","Active","1"
"1193",2023-06-20,2023-06-27,"Feather River (lower CDFW) RST","Active","1"
"1194",2023-06-20,2023-06-27,"SJRRP CDFW Field Monitoring","Not Active","4"
"1195",2023-06-20,2023-06-27,"SJRRP USBR Field Monitoring","Interrupted","3"
"1196",2023-06-20,2023-06-27,"Stanislaus Fish Weir","Not Active","4"
"1197",2023-06-20,2023-06-27,"American River Carcass/Redd Surveys","Not Active","4"
"1198",2023-06-20,2023-06-27,"Caswell RST","Active","1"
"1199",2023-06-20,2023-06-27,"Wallace Weir","Not Active (due to low flows)","4"
"1200",2023-06-20,2023-06-27,"Butte Creek RST","Active","1"
"1201",2023-06-27,2023-07-04,"SWP regular counts, CWT reading","Active (as of 5/19)","1"
"1202",2023-06-27,2023-07-04,"SWP larval sampling","Not Active (Completed for year)","4"
"1203",2023-06-27,2023-07-04,"CVP regular counts, CWT reading","Active (using weight based estimation due to large numbers of fish)","1"
"1204",2023-06-27,2023-07-04,"CVP larval sampling","Not Active (Completed for year)","4"
"1205",2023-06-27,2023-07-04,"Smelt Larval Survey","Not Active","4"
"1206",2023-06-27,2023-07-04,"LEPS","Not Active (Completed for year)","4"
"1207",2023-06-27,2023-07-04,"20mm Survey","Active","1"
"1208",2023-06-27,2023-07-04,"Spring Kodiak Trawl","Not Active (Completed for year)","4"
"1209",2023-06-27,2023-07-04,"Fall Mid-water Trawl","Not Active","4"
"1210",2023-06-27,2023-07-04,"Summer Townet Survey","Active","1"
"1211",2023-06-27,2023-07-04,"Bay Study","Active","1"
"1212",2023-06-27,2023-07-04,"DJFMP- Chipps and Sacramento Trawls","Active","1"
"1213",2023-06-27,2023-07-04,"DJFMP- Seines","Active","1"
"1214",2023-06-27,2023-07-04,"EDSM","Active","1"
"1215",2023-06-27,2023-07-04,"EMP","Active","1"
"1216",2023-06-27,2023-07-04,"Mossdale","Active","1"
"1217",2023-06-27,2023-07-04,"USGS Flow monitoring","Active","1"
"1218",2023-06-27,2023-07-04,"Red Bluff Diversion Dam Rotary Screw Trap (RST)","Active","1"
"1219",2023-06-27,2023-07-04,"Knights Landing RST","Active","1"
"1220",2023-06-27,2023-07-04,"Tisdale RST","Active","1"
"1221",2023-06-27,2023-07-04,"GCID RST","Not Active","4"
"1222",2023-06-27,2023-07-04,"Yuba River (Hallwood) RST","Active","1"
"1223",2023-06-27,2023-07-04,"Redd dewatering and stranding surveys","Not Active","4"
"1224",2023-06-27,2023-07-04,"Sacramento Carcass and Redd Surveys","Active","1"
"1225",2023-06-27,2023-07-04,"Lower Sacramento RST","Active","1"
"1226",2023-06-27,2023-07-04,"Feather River (upper DWR) RST","Active","1"
"1227",2023-06-27,2023-07-04,"Feather River (lower CDFW) RST","Active","1"
"1228",2023-06-27,2023-07-04,"SJRRP CDFW Field Monitoring","Not Active","4"
"1229",2023-06-27,2023-07-04,"SJRRP USBR Field Monitoring","Interrupted","3"
"1230",2023-06-27,2023-07-04,"Stanislaus Fish Weir","Not Active","4"
"1231",2023-06-27,2023-07-04,"American River Carcass/Redd Surveys","Not Active","4"
"1232",2023-06-27,2023-07-04,"Caswell RST","Active","1"
"1233",2023-06-27,2023-07-04,"Wallace Weir","Not Active (due to low flows)","4"
"1234",2023-06-27,2023-07-04,"Butte Creek RST","Active","1"
