,fish_id,survey,date_received,notes,dissection_date,fork_length,total_weight,brain_weight,liver_weight,gonad_weight,muscle_1_weight,muscle_2_weight,Parentage.sup,Candidate_mother_ID.sup,Candidate_father_ID.sup,Trio_confidence.sup,PC.sup,origin.sup,Batch.sup,Parentage.ref,Candidate_mother_ID.ref,Candidate_father_ID.ref,Trio_confidence.ref,PC.ref,origin.ref,Batch.ref,Year,SurveyNumber,SampleDate,StationCode,SampleTimeStart,CommonName,ForkLength.x,ReproductiveStage,Sex,VIE,AdFinPresent,Secchi,ConductivityTop,WaterTemperature,Turbidity,DepthBottom,Latitude,Longitude,TideCode,SKTNotes,SampleID,Date,Station,Stratum,target_latitude,target_longitude,OrganismCode,MarkCode,ForkLength.y,Dead,SpecialStudy,DO,EC,Temp,Turb,Catch,Num_Code9
1,S101,edsm,2021-12-22,gonad placed in formalin first (Bruce),2022-02-23,54,1.2752,0.0082,10.5,NA,15.9,30.7,Supplementation_Parents,154111,154112,*,411,NA,1,Refuge_Parents,150281,150592,*,FALSE,NA,1,NA,NA,NA,NA,NA,NA,NA,NA,NA,NA,NA,NA,NA,NA,NA,NA,NA,NA,NA,NA,377612,2021-12-17,22-20-LSR02,Lower Sacramento,38.075280,-121.761740,DSM,AdClipped,55,Yes,S,10.36,340.7999878,9.899999619,30,1,0
2,S102,edsm,2021-12-22,NA,2022-02-23,62,2.335,0.0131,19.8,61,26.1,78.2,Supplementation_Parents,150241,150242,*,24,NA,1,Refuge_Parents,150241,150242,*,24,NA,1,NA,NA,NA,NA,NA,NA,NA,NA,NA,NA,NA,NA,NA,NA,NA,NA,NA,NA,NA,NA,377615,2021-12-17,22-20-RV05,Lower Sacramento,38.152270,-121.682270,DSM,AdClipped,68,No,S,10.06,198.1000061,9.100000381,50.59999847,1,0
3,S103,edsm,2021-12-22,no anal fin,2022-02-23,77,3.7889,0.0172,13.3,109.1,45.3,70.4,Supplementation_Parents,150561,150562,*,56,NA,1,Refuge_Parents,150561,150562,*,56,NA,1,NA,NA,NA,NA,NA,NA,NA,NA,NA,NA,NA,NA,NA,NA,NA,NA,NA,NA,NA,NA,377615,2021-12-17,22-20-RV05,Lower Sacramento,38.152270,-121.682270,DSM,AdClipped,79,No,S,10.06,198.1000061,9.100000381,50.59999847,1,0
4,S104,edsm,2021-12-22,mushy liver,2022-02-23,82,5.4282,0.0156,25.9,451.3,46.6,59.6,Supplementation_Parents,150111,150112,*,11,NA,1,Refuge_Parents,150111,150112,*,11,NA,1,NA,NA,NA,NA,NA,NA,NA,NA,NA,NA,NA,NA,NA,NA,NA,NA,NA,NA,NA,NA,377616,2021-12-17,22-20-RV05,Lower Sacramento,38.152270,-121.682270,DSM,AdClipped,82,No,S,9.97,190.1999969,9.199999809,53.90000153,1,0
5,S105,edsm,2021-12-22,NA,2022-02-23,72,2.7715,0.015,17.1,65.8,51.9,56.8,Supplementation_Parents,150561,150562,*,56,NA,1,Refuge_Parents,150561,150562,*,56,NA,1,NA,NA,NA,NA,NA,NA,NA,NA,NA,NA,NA,NA,NA,NA,NA,NA,NA,NA,NA,NA,377616,2021-12-17,22-20-RV05,Lower Sacramento,38.152270,-121.682270,DSM,AdClipped,72,No,S,9.97,190.1999969,9.199999809,53.90000153,1,0
6,S106,edsm,2021-12-22,NA,2022-02-23,77,4.8122,0.0169,43.4,484.2,37.3,51.2,Supplementation_Parents,150051,150052,*,5,NA,1,Refuge_Parents,150051,150052,*,5,NA,1,NA,NA,NA,NA,NA,NA,NA,NA,NA,NA,NA,NA,NA,NA,NA,NA,NA,NA,NA,NA,377619,2021-12-17,22-20-RV02,Lower Sacramento,38.139590,-121.693610,DSM,AdClipped,80,No,S,10,214,9.399999619,49.79999924,1,0
7,S107,edsm,2021-12-22,NA,2022-02-23,60,1.8571,0.0139,15.7,33,32.9,41.5,Supplementation_Parents,154101,154102,*,410,NA,1,Refuge_Parents,151111,152532,*,FALSE,NA,1,NA,NA,NA,NA,NA,NA,NA,NA,NA,NA,NA,NA,NA,NA,NA,NA,NA,NA,NA,NA,377796,2021-12-21,22-21-USSC02,Sac DW Ship Channel,38.562520,-121.554210,DSM,VIE,54,Yes,S,10.24,1113,10.60000038,15.5,1,0
8,S201,edsm,2022-01-07,no LN liver and gonad,2022-02-23,49,0.7509,0.0082,6.2,3.3,11.8,19.8,Supplementation_Parents,154251,150052,NA,FALSE,NA,1,Refuge_Parents,150841,150842,*,84,NA,1,NA,NA,NA,NA,NA,NA,NA,NA,NA,NA,NA,NA,NA,NA,NA,NA,NA,NA,NA,NA,377975,2021-12-23,22-21-PP02,Lower San Joaquin,38.091150,-121.576120,DSM,AdClipped,53,No,S,10.37,622,9.399999619,18.39999962,1,0
9,S108,edsm,2022-01-07,no LN liver,2022-02-23,55,1.2486,0.007,3.4,15.1,15.5,14.1,Supplementation_Parents,154101,154102,*,410,NA,1,Refuge_Parents,152801,151902,NA,FALSE,NA,1,NA,NA,NA,NA,NA,NA,NA,NA,NA,NA,NA,NA,NA,NA,NA,NA,NA,NA,NA,NA,377969,2021-12-23,22-21-RV02,Lower Sacramento,38.104690,-121.694940,DSM,AdClipped,53,No,S,10.25,410,8.600000381,37.59999847,1,0
10,S109,edsm,2022-01-07,NA,2022-02-23,80,4.5329,0.0199,65.3,338.2,33.3,43.5,Supplementation_Parents,150111,150112,*,11,NA,1,Refuge_Parents,150111,150112,*,11,NA,1,NA,NA,NA,NA,NA,NA,NA,NA,NA,NA,NA,NA,NA,NA,NA,NA,NA,NA,NA,NA,377970,2021-12-23,22-21-RV02,Lower Sacramento,38.104690,-121.694940,DSM,AdClipped,80,No,S,10.35,403,8.5,40.70000076,1,0
11,S110,edsm,2022-01-07,NA,2022-02-23,75,4.227,0.0166,49.5,520.7,42.4,64.2,Supplementation_Parents,150131,150132,*,13,NA,1,Refuge_Parents,150131,150132,*,13,NA,1,NA,NA,NA,NA,NA,NA,NA,NA,NA,NA,NA,NA,NA,NA,NA,NA,NA,NA,NA,NA,378022,2021-12-27,22-22-LSR01,Lower Sacramento,38.064410,-121.787880,DSM,AdClipped,76,No,S,10.28,541,8.800000191,38.79999924,1,0
12,S111,edsm,2022-01-07,NA,2022-02-23,56,1.2917,0.0082,11.8,14.9,10,19.9,Supplementation_Parents,150271,150272,*,27,NA,1,Refuge_Parents,150271,150272,*,27,NA,1,NA,NA,NA,NA,NA,NA,NA,NA,NA,NA,NA,NA,NA,NA,NA,NA,NA,NA,NA,NA,378087,2021-12-28,22-22-RV02,Lower Sacramento,38.119880,-121.696160,DSM,AdClipped,50,No,S,10.74,203.1999969,8.699999809,50.59999847,1,0
13,S112,edsm,2022-01-07,NA,2022-02-23,78,4.2184,0.018,46,402.3,62.7,32.4,Supplementation_Parents,150231,150232,*,23,NA,1,Refuge_Parents,150231,150232,*,23,NA,1,NA,NA,NA,NA,NA,NA,NA,NA,NA,NA,NA,NA,NA,NA,NA,NA,NA,NA,NA,NA,378089,2021-12-28,22-22-RV03,Lower Sacramento,38.147700,-121.684100,DSM,AdClipped,74,No,S,10.72,146.8000031,8.5,57.20000076,1,0
14,S113,edsm,2022-01-07,NA,2022-02-23,63,1.7199,0.0099,9.7,36.8,17.3,26.9,Supplementation_Parents,154071,154202,NA,FALSE,wild,1,Refuge_Parents,150511,152402,*,FALSE,wild,1,NA,NA,NA,NA,NA,NA,NA,NA,NA,NA,NA,NA,NA,NA,NA,NA,NA,NA,NA,NA,378540,2022-01-05,22-23-RV04,Lower Sacramento,38.093060,-121.736220,DSM,None,62,Yes,S,NA,NA,NA,NA,1,1
15,S1,edsm,2022-01-07,kept live in a bucket,2022-02-23,71,3.5408,0.0142,36.6,395.2,33.9,55.3,Supplementation_Parents,150211,150212,*,21,NA,1,Refuge_Parents,150211,150212,*,21,NA,1,NA,NA,NA,NA,NA,NA,NA,NA,NA,NA,NA,NA,NA,NA,NA,NA,NA,NA,NA,NA,378346,2021-12-29,SB018N,Chipps Island,38.047967,-121.909917,DSM,AdClipped,71,No,S,10.2,426.2,8.9,55.4,1,0
16,S2,edsm,2022-01-27,NA,2022-02-23,83,5.0282,0.0172,43.4,205.4,41.4,79,Supplementation_Parents,150391,150252,NA,FALSE,NA,1,Refuge_Parents,150811,150812,*,81,NA,1,NA,NA,NA,NA,NA,NA,NA,NA,NA,NA,NA,NA,NA,NA,NA,NA,NA,NA,NA,NA,379040,2022-01-18,22-25-SM02,Suisun Marsh,38.173710,-121.947990,DSM,AdClipped,85,No,S,8.66,4239,10.39999962,37,1,0
17,S114,edsm,2022-01-27,NA,2022-02-23,67,2.5561,0.0138,39.6,257.1,21.5,51.9,Supplementation_Parents,150411,150412,*,41,NA,1,Refuge_Parents,150411,150412,*,41,NA,1,NA,NA,NA,NA,NA,NA,NA,NA,NA,NA,NA,NA,NA,NA,NA,NA,NA,NA,NA,NA,378867,2022-01-12,22-24-LSSC03,Sac DW Ship Channel,38.274630,-121.662110,DSM,AdClipped,72,No,S,10.24,227.3000031,9.600000381,29.89999962,1,0
18,S115,edsm,2022-01-27,NA,2022-02-23,64,1.7495,0.0119,17.4,14.5,23.4,28.7,Supplementation_Parents,150321,154202,NA,FALSE,NA,1,Refuge_Parents,151361,151362,*,136,NA,1,NA,NA,NA,NA,NA,NA,NA,NA,NA,NA,NA,NA,NA,NA,NA,NA,NA,NA,NA,NA,379199,2022-01-24,22-26-LSR01,Lower Sacramento,38.075100,-121.761170,DSM,AdClipped,65,No,S,10.62,580,9.800000191,35,1,0
19,S202,edsm,2022-02-10,NA,2022-02-23,58,1.3067,0.0114,6.8,32.1,20.3,29.1,Supplementation_Parents,154211,154212,NA,421,NA,1,Refuge_Parents,152301,151542,*,FALSE,NA,1,NA,NA,NA,NA,NA,NA,NA,NA,NA,NA,NA,NA,NA,NA,NA,NA,NA,NA,NA,NA,380037,2022-02-04,22-27-LSJ01,Lower San Joaquin,38.029230,-121.746110,DSM,AdClipped,57,No,S,10.41,692,9.5,32,1,0
20,S116,edsm,2022-02-10,NA,2022-02-23,73,2.5888,0.0151,36.8,91.5,16,50.4,Supplementation_Parents,150191,154122,NA,FALSE,NA,1,Refuge_Parents,152011,152012,*,201,NA,1,NA,NA,NA,NA,NA,NA,NA,NA,NA,NA,NA,NA,NA,NA,NA,NA,NA,NA,NA,NA,379821,2022-01-31,22-27-LSSC03,Sac DW Ship Channel,38.418590,-121.609230,DSM,AdClipped,70,No,S,10.91,639,9.800000191,75.09999847,1,0
21,S117,edsm,2022-02-10,no LN liver,2022-02-23,67,2.2866,0.013,4,71,30,20.2,Supplementation_Parents,154351,154352,*,435,NA,1,Refuge_Parents,150351,152402,*,FALSE,NA,1,NA,NA,NA,NA,NA,NA,NA,NA,NA,NA,NA,NA,NA,NA,NA,NA,NA,NA,NA,NA,379821,2022-01-31,22-27-LSSC03,Sac DW Ship Channel,38.418590,-121.609230,DSM,AdClipped,66,No,S,10.91,639,9.800000191,75.09999847,1,0
22,S118,edsm,2022-02-10,no LN liver,2022-02-23,54,1.0801,0.0086,4.3,22.8,10.6,15.1,Supplementation_Parents,150301,154142,NA,FALSE,NA,1,Refuge_Parents,152771,152772,*,277,NA,1,NA,NA,NA,NA,NA,NA,NA,NA,NA,NA,NA,NA,NA,NA,NA,NA,NA,NA,NA,NA,380115,2022-02-07,22-28-LSR01,Lower Sacramento,38.081050,-121.757030,DSM,AdClipped,55,No,S,10.84,501,10.10000038,33.09999847,1,0
23,S119,edsm,2022-02-10,"kept on ice, brought back to field days later",2022-02-23,86,6.6357,0.0084,68.7,947.5,56.8,51.8,Supplementation_Parents,150111,150112,*,11,NA,1,Refuge_Parents,150111,150112,*,11,NA,1,NA,NA,NA,NA,NA,NA,NA,NA,NA,NA,NA,NA,NA,NA,NA,NA,NA,NA,NA,NA,378866,2022-01-12,22-24-LSSC03,Sac DW Ship Channel,38.274630,-121.662110,DSM,AdClipped,86,No,S,9.87,232.1000061,9.699999809,32.29999924,1,0
24,S401,edsm,2022-02-15,"in ethanal, from federal salvage facility",2022-02-23,50,0.466,NA,NA,NA,NA,NA,Supplementation_Parents,150161,150422,*,FALSE,NA,2,Refuge_Parents,150871,150872,*,87,NA,2,NA,NA,NA,NA,NA,NA,NA,NA,NA,NA,NA,NA,NA,NA,NA,NA,NA,NA,NA,NA,NA,NA,NA,NA,37.815819,-121.558995,NA,NA,NA,NA,NA,NA,NA,NA,NA,NA,NA
25,S301,skt,2022-02-22,cut open,2022-04-21,85,4.808,0.0169,34.6,78.5,81.9,70.4,Supplementation_Parents,150171,150252,NA,FALSE,NA,2,Refuge_Parents,151331,151332,*,133,NA,2,2022,2,2022-02-18,609,1899-12-31 08:35:00,Delta Smelt,81,Pre-Spawn,2,NO,NO,30,3427,11.2,38.9,29,"38-10-02.8""N","121-56-35.4""W",2,NA,NA,NA,NA,NA,NA,NA,NA,NA,NA,NA,NA,NA,NA,NA,NA,NA,NA
26,S302,skt,2022-02-22,cut open,2022-04-21,74,3.009,0.0091,19.5,69.3,31.8,49.7,Supplementation_Parents,150391,150422,NA,FALSE,NA,2,Refuge_Parents,152321,152322,*,232,NA,2,2022,2,2022-02-18,606,1899-12-31 09:20:00,Delta Smelt,75,Pre-Spawn,1,NO,NO,28,3893,11.8,56.4,23,"38-10-18.7""N","122-01-47.8""W",2,NA,NA,NA,NA,NA,NA,NA,NA,NA,NA,NA,NA,NA,NA,NA,NA,NA,NA
27,S303,skt,2022-02-22,cut open,2022-04-21,73,2.402,0.0143,25.9,53.5,27.9,21.4,Supplementation_Parents,154241,154192,NA,FALSE,NA,2,Refuge_Parents,152551,152552,*,255,NA,2,2022,2,2022-02-18,606,1899-12-31 09:20:00,Delta Smelt,71,Pre-Spawn,1,NO,NO,28,3893,11.8,56.4,23,"38-10-18.7""N","122-01-47.8""W",2,NA,NA,NA,NA,NA,NA,NA,NA,NA,NA,NA,NA,NA,NA,NA,NA,NA,NA
28,S304,skt,2022-02-22,cut open,2022-04-21,68,1.921,0.0114,12.2,35.5,14.6,15.7,Supplementation_Parents,150031,154132,NA,FALSE,NA,2,Refuge_Parents,151601,151602,*,160,NA,2,2022,2,2022-02-18,606,1899-12-31 09:20:00,Delta Smelt,67,Pre-Spawn,1,NO,NO,28,3893,11.8,56.4,23,"38-10-18.7""N","122-01-47.8""W",2,NA,NA,NA,NA,NA,NA,NA,NA,NA,NA,NA,NA,NA,NA,NA,NA,NA,NA
29,S305,skt,2022-02-22,cut open; unidentify gonad,2022-04-21,63,1.531,0.0041,11.8,17,43.6,16.4,Supplementation_Parents,154181,154192,NA,FALSE,NA,2,Refuge_Parents,152141,152142,*,214,NA,2,2022,2,2022-02-18,606,1899-12-31 09:20:00,Delta Smelt,64,Pre-Spawn,2,NO,NO,28,3893,11.8,56.4,23,"38-10-18.7""N","122-01-47.8""W",2,NA,NA,NA,NA,NA,NA,NA,NA,NA,NA,NA,NA,NA,NA,NA,NA,NA,NA
30,S3,edsm,2022-02-24,NA,2022-04-21,61,1.443,0.011,12.8,17.4,36.5,28.2,Supplementation_Parents,150171,154202,NA,FALSE,NA,2,Refuge_Parents,152701,152702,*,270,NA,2,NA,NA,NA,NA,NA,NA,NA,NA,NA,NA,NA,NA,NA,NA,NA,NA,NA,NA,NA,NA,380436,2022-02-14,22-29-SM01,Suisun Marsh,38.187300,-121.974940,DSM,AdClipped,61,No,S,8.48,5683,13.10000038,49.09999847,1,0
31,S4,edsm,2022-02-24,"caught at 9:59am, transferred to edsm and preserved at 11:15 am, was still alive when preserved",2022-04-21,87,5.3868,0.0071,81,789,88.3,48.9,Supplementation_Parents,150401,150402,*,40,NA,2,Refuge_Parents,150401,150402,*,40,NA,2,NA,NA,NA,NA,NA,NA,NA,NA,NA,NA,NA,NA,NA,NA,NA,NA,NA,NA,NA,NA,380712,2022-02-17,SB018M,Chipps Island,38.045980,-121.909917,DSM,AdClipped,86,No,S,9.91,2602,11.3,34.1,1,0
32,S5,edsm,2022-02-24,NA,2022-04-21,61,1.7725,0.0089,21.8,50.2,36.4,45.1,Supplementation_Parents,154321,154032,NA,FALSE,NA,2,Refuge_Parents,153131,153132,*,313,NA,2,NA,NA,NA,NA,NA,NA,NA,NA,NA,NA,NA,NA,NA,NA,NA,NA,NA,NA,NA,NA,380933,2022-02-23,22-30-SM03,Suisun Marsh,38.185630,-121.929660,DSM,AdClipped,65,No,S,10.23,3003,10.10000038,45.09999847,1,0
33,S6,edsm,2022-02-24,NA,2022-04-21,80,3.6947,0.0152,102.3,409.6,34.1,34.3,Supplementation_Parents,150391,154162,NA,FALSE,NA,2,Refuge_Parents,151821,151822,*,182,NA,2,NA,NA,NA,NA,NA,NA,NA,NA,NA,NA,NA,NA,NA,NA,NA,NA,NA,NA,NA,NA,380933,2022-02-23,22-30-SM03,Suisun Marsh,38.185630,-121.929660,DSM,AdClipped,78,No,S,10.23,3003,10.10000038,45.09999847,1,0
34,S7,edsm,2022-02-24,NA,2022-04-21,79,4.3056,0.0196,53.8,331.6,28.3,65,Supplementation_Parents,154131,154192,NA,FALSE,NA,2,Refuge_Parents,152321,152322,*,232,NA,2,NA,NA,NA,NA,NA,NA,NA,NA,NA,NA,NA,NA,NA,NA,NA,NA,NA,NA,NA,NA,380934,2022-02-23,22-30-SM03,Suisun Marsh,38.185630,-121.929660,DSM,AdClipped,81,No,S,10.16,3131,10.10000038,25.10000038,1,0
35,S8,edsm,2022-02-24,NA,2022-04-21,85,4.8281,0.0141,21.2,705.2,39.8,60,Supplementation_Parents,154121,150392,NA,FALSE,NA,2,Refuge_Parents,150991,150992,*,99,NA,2,NA,NA,NA,NA,NA,NA,NA,NA,NA,NA,NA,NA,NA,NA,NA,NA,NA,NA,NA,NA,380934,2022-02-23,22-30-SM03,Suisun Marsh,38.185630,-121.929660,DSM,AdClipped,86,No,S,10.16,3131,10.10000038,25.10000038,1,0
36,S9,edsm,2022-02-24,NA,2022-04-21,74,3.0872,0.0153,30.4,73.2,27.2,27.3,Supplementation_Parents,154171,150582,NA,FALSE,NA,2,Refuge_Parents,151691,151692,*,169,NA,2,NA,NA,NA,NA,NA,NA,NA,NA,NA,NA,NA,NA,NA,NA,NA,NA,NA,NA,NA,NA,380934,2022-02-23,22-30-SM03,Suisun Marsh,38.185630,-121.929660,DSM,AdClipped,77,No,S,10.16,3131,10.10000038,25.10000038,1,0
37,S120,edsm,2022-02-24,NA,2022-04-21,84,3.8923,0.0168,39.8,521.4,42.4,29.8,Supplementation_Parents,154171,154122,*,FALSE,NA,2,Refuge_Parents,151991,151992,*,199,NA,2,NA,NA,NA,NA,NA,NA,NA,NA,NA,NA,NA,NA,NA,NA,NA,NA,NA,NA,NA,NA,381037,2022-02-24,22-30-LSSC01,Sac DW Ship Channel,38.343210,-121.644300,DSM,AdClipped,80,No,S,10.7,386.7999878,11.19999981,25.60000038,1,0
38,S121,edsm,2022-02-24,NA,2022-04-21,55,1.3369,0.0069,11.2,15.9,18.4,34.7,Supplementation_Parents,154201,154202,NA,420,NA,2,Refuge_Parents,150601,151902,*,FALSE,NA,2,NA,NA,NA,NA,NA,NA,NA,NA,NA,NA,NA,NA,NA,NA,NA,NA,NA,NA,NA,NA,381037,2022-02-24,22-30-LSSC01,Sac DW Ship Channel,38.343210,-121.644300,DSM,AdClipped,57,No,S,10.7,386.7999878,11.19999981,25.60000038,1,0
39,S122,edsm,2022-02-24,FL changed by bgh based on photo,2022-04-21,67,1.8949,0.0145,20.4,43.8,32.9,24.4,Supplementation_Parents,154031,154202,NA,FALSE,NA,2,Refuge_Parents,152581,152582,*,258,NA,2,NA,NA,NA,NA,NA,NA,NA,NA,NA,NA,NA,NA,NA,NA,NA,NA,NA,NA,NA,NA,381037,2022-02-24,22-30-LSSC01,Sac DW Ship Channel,38.343210,-121.644300,DSM,AdClipped,68,No,S,10.7,386.7999878,11.19999981,25.60000038,1,0
40,S123,edsm,2022-02-24,NA,2022-04-21,66,1.7369,0.0112,15.2,15,44.5,42.4,Supplementation_Parents,150041,154122,NA,FALSE,NA,2,Refuge_Parents,152081,152082,*,208,NA,2,NA,NA,NA,NA,NA,NA,NA,NA,NA,NA,NA,NA,NA,NA,NA,NA,NA,NA,NA,NA,381036,2022-02-24,22-30-LSSC01,Sac DW Ship Channel,38.343210,-121.644300,DSM,AdClipped,66,No,S,10.75,396.5,11,30.10000038,1,0
41,S10,edsm,2022-03-10,NA,2022-04-21,80,3.8209,0.0192,21.5,102.5,42,29.6,Supplementation_Parents,150171,154052,NA,FALSE,NA,2,Refuge_Parents,150521,150522,*,52,NA,2,NA,NA,NA,NA,NA,NA,NA,NA,NA,NA,NA,NA,NA,NA,NA,NA,NA,NA,NA,NA,381459,2022-03-03,22-31-SM01,Suisun Marsh,38.195860,-122.044090,DSM,AdClipped,79,No,S,8.46,504,13.69999981,58.79999924,1,0
42,S124,edsm,2022-03-10,NA,2022-04-21,82,3.9988,0.0134,39.9,466.7,52.4,47.3,Supplementation_Parents,154141,154262,NA,FALSE,NA,2,Refuge_Parents,152111,152112,*,211,NA,2,NA,NA,NA,NA,NA,NA,NA,NA,NA,NA,NA,NA,NA,NA,NA,NA,NA,NA,NA,NA,381367,2022-03-02,22-31-USSC01,Sac DW Ship Channel,38.489900,-121.583870,DSM,AdClipped,84,No,S,10.7,927,11.5,40.59999847,1,0
43,S125,edsm,2022-03-10,NA,2022-04-21,72,2.8197,0.0153,16.8,92.1,34,44.1,Supplementation_Parents,154171,154242,NA,FALSE,NA,2,Refuge_Parents,151391,151392,*,139,NA,2,NA,NA,NA,NA,NA,NA,NA,NA,NA,NA,NA,NA,NA,NA,NA,NA,NA,NA,NA,NA,381373,2022-03-02,22-31-LSSC02,Sac DW Ship Channel,38.423530,-121.606120,DSM,AdClipped,76,No,S,10.41,695,12.19999981,96.19999695,1,0
44,S126,edsm,2022-03-10,NA,2022-04-21,64,1.8149,0.063,18.3,100.3,17.1,19.9,Supplementation_Parents,154291,154292,*,429,NA,2,Refuge_Parents,152311,150672,*,FALSE,NA,2,NA,NA,NA,NA,NA,NA,NA,NA,NA,NA,NA,NA,NA,NA,NA,NA,NA,NA,NA,NA,381388,2022-03-02,22-31-LSSC01,Sac DW Ship Channel,38.388020,-121.622520,DSM,VIE,66,No,S,10.4,602,11.80000019,91.30000305,1,0
45,S127,edsm,2022-03-10,NA,2022-04-21,69,2.2259,0.0149,12.7,30.2,35,46.7,Supplementation_Parents,154181,154242,NA,FALSE,NA,2,Refuge_Parents,152801,152802,*,280,NA,2,NA,NA,NA,NA,NA,NA,NA,NA,NA,NA,NA,NA,NA,NA,NA,NA,NA,NA,NA,NA,381392,2022-03-02,22-31-LSSC01,Sac DW Ship Channel,38.388020,-121.622520,DSM,AdClipped,71,No,S,10.38,597,11.89999962,83.40000153,1,0
46,S128,edsm,2022-03-10,held in bucket 3 hrs,2022-04-21,65,2.1016,0.0106,10.8,79.2,20.6,68.6,Supplementation_Parents,154101,154182,NA,FALSE,NA,2,Refuge_Parents,152781,152782,*,278,NA,2,NA,NA,NA,NA,NA,NA,NA,NA,NA,NA,NA,NA,NA,NA,NA,NA,NA,NA,NA,NA,381664,2022-03-08,22-32-LSSC01,Sac DW Ship Channel,38.360310,-121.635930,DSM,VIE,65,No,S,10.99,433.8999939,12.19999981,27.20000076,1,0
47,S129,edsm,2022-03-10,held in bucket 3 hrs,2022-04-21,53,1.011,0.0074,15.2,18.9,20.9,21.2,Supplementation_Parents,154211,154212,NA,421,NA,2,Refuge_Parents,152131,151452,*,FALSE,NA,2,NA,NA,NA,NA,NA,NA,NA,NA,NA,NA,NA,NA,NA,NA,NA,NA,NA,NA,NA,NA,381664,2022-03-08,22-32-LSSC01,Sac DW Ship Channel,38.360310,-121.635930,DSM,AdClipped,53,No,S,10.99,433.8999939,12.19999981,27.20000076,1,0
48,S130,edsm,2022-03-10,held in bucket 3 hrs,2022-04-21,66,2.7663,0.007,20.9,177.9,27.4,53.1,Supplementation_Parents,154361,154362,*,436,NA,2,Refuge_Parents,152871,151472,NA,FALSE,NA,2,NA,NA,NA,NA,NA,NA,NA,NA,NA,NA,NA,NA,NA,NA,NA,NA,NA,NA,NA,NA,381664,2022-03-08,22-32-LSSC01,Sac DW Ship Channel,38.360310,-121.635930,DSM,VIE,67,No,S,10.99,433.8999939,12.19999981,27.20000076,1,0
49,S131,edsm,2022-03-10,held in bucket 3 hrs; could not find gonad,2022-04-21,64,1.8063,0.0081,6.4,NA,23.5,38.3,Supplementation_Parents,154241,150252,NA,FALSE,NA,2,Refuge_Parents,152491,152492,*,249,NA,2,NA,NA,NA,NA,NA,NA,NA,NA,NA,NA,NA,NA,NA,NA,NA,NA,NA,NA,NA,NA,381664,2022-03-08,22-32-LSSC01,Sac DW Ship Channel,38.360310,-121.635930,DSM,AdClipped,65,No,S,10.99,433.8999939,12.19999981,27.20000076,1,0
50,S132,edsm,2022-03-10,held in bucket 3 hrs,2022-04-21,78,3.5917,0.0193,20.8,98.1,31.1,39.7,Supplementation_Parents,154231,154242,NA,FALSE,NA,2,Refuge_Parents,151921,151922,*,192,NA,2,NA,NA,NA,NA,NA,NA,NA,NA,NA,NA,NA,NA,NA,NA,NA,NA,NA,NA,NA,NA,381664,2022-03-08,22-32-LSSC01,Sac DW Ship Channel,38.360310,-121.635930,DSM,AdClipped,78,No,S,10.99,433.8999939,12.19999981,27.20000076,1,0
51,S306,skt,2022-03-18,cut open,2022-04-21,72,2.8813,0.0119,41.7,467.3,30.7,46.5,Supplementation_Parents,150081,154162,NA,FALSE,NA,2,Refuge_Parents,150681,150682,*,68,NA,2,2022,3,2022-03-16,704,1899-12-31 07:58:00,Delta Smelt,70,Pre-Spawn,2,NO,NO,70,340,13.2,18.5,30,"38-03-92.3""N","121-47-38.1""W",2,NA,NA,NA,NA,NA,NA,NA,NA,NA,NA,NA,NA,NA,NA,NA,NA,NA,NA
52,S307,skt,2022-03-18,cut open,2022-04-21,79,3.4819,0.0193,75.7,212.7,84.2,57.4,Supplementation_Parents,154131,150252,NA,FALSE,NA,2,Refuge_Parents,150451,150452,*,45,NA,2,2022,3,2022-03-16,719,1899-12-31 11:06:00,Delta Smelt,80,Pre-Spawn,2,NO,NO,31,348,13.7,44.1,31,"38-20-05.9""N","121-38-47.7""W",2,NA,NA,NA,NA,NA,NA,NA,NA,NA,NA,NA,NA,NA,NA,NA,NA,NA,NA
53,S308,skt,2022-03-18,cut open,2022-04-21,61,1.7164,0.0092,19.2,84.9,19.6,40,Supplementation_Parents,150251,154332,NA,FALSE,NA,2,Refuge_Parents,152831,152832,*,283,NA,2,2022,3,2022-03-16,719,1899-12-31 11:06:00,Delta Smelt,59,Pre-Spawn,1,NO,NO,31,348,13.7,44.1,31,"38-20-05.9""N","121-38-47.7""W",2,NA,NA,NA,NA,NA,NA,NA,NA,NA,NA,NA,NA,NA,NA,NA,NA,NA,NA
54,S309,skt,2022-03-18,cut open,2022-04-21,76,3.3256,0.0178,19.3,126.8,31.1,42.5,Supplementation_Parents,150391,154172,NA,FALSE,NA,2,Refuge_Parents,151551,151552,*,155,NA,2,2022,3,2022-03-17,609,1899-12-31 08:49:00,Delta Smelt,78,Pre-Spawn,1,NO,NO,34,2163,14.5,56.7,26,"38-10-01.9""N","121-56-21.3""W",2,NA,NA,NA,NA,NA,NA,NA,NA,NA,NA,NA,NA,NA,NA,NA,NA,NA,NA
55,S310,skt,2022-03-18,cut open,2022-04-21,79,3.5175,0.0107,46,78.6,68.8,91.4,Supplementation_Parents,150021,154262,NA,FALSE,NA,2,Refuge_Parents,152111,152112,*,211,NA,2,2022,3,2022-03-17,609,1899-12-31 08:49:00,Delta Smelt,80,Pre-Spawn,2,NO,NO,34,2163,14.5,56.7,26,"38-10-01.9""N","121-56-21.3""W",2,NA,NA,NA,NA,NA,NA,NA,NA,NA,NA,NA,NA,NA,NA,NA,NA,NA,NA
56,S311,skt,2022-03-18,cut open,2022-04-21,77,4.0895,0.012,47.4,543.4,21.9,49.9,Supplementation_Parents,154101,150412,NA,FALSE,NA,2,Refuge_Parents,150991,150992,*,99,NA,2,2022,3,2022-03-17,609,1899-12-31 08:49:00,Delta Smelt,81,Ripe,2,NO,NO,34,2163,14.5,56.7,26,"38-10-01.9""N","121-56-21.3""W",2,NA,NA,NA,NA,NA,NA,NA,NA,NA,NA,NA,NA,NA,NA,NA,NA,NA,NA
57,S312,skt,2022-03-18,cut open; left operculum missing,2022-04-21,71,2.766,0.0152,33,63.5,26,25,Supplementation_Parents,150401,154032,NA,FALSE,NA,2,Refuge_Parents,152961,152962,*,296,NA,2,2022,3,2022-03-17,609,1899-12-31 08:49:00,Delta Smelt,71,Pre-Spawn,1,NO,NO,34,2163,14.5,56.7,26,"38-10-01.9""N","121-56-21.3""W",2,NA,NA,NA,NA,NA,NA,NA,NA,NA,NA,NA,NA,NA,NA,NA,NA,NA,NA
58,S313,skt,2022-03-18,cut open,2022-04-21,72,3.1811,0.0172,25,48.2,25.7,57.2,Supplementation_Parents,150371,150392,NA,FALSE,NA,2,Refuge_Parents,152191,152192,*,219,NA,2,2022,3,2022-03-17,606,1899-12-31 09:28:00,Delta Smelt,71,Pre-Spawn,1,NO,NO,28,3608,14,67.6,24,"38-10-11.3""N","122-01-30.6""W",2,NA,NA,NA,NA,NA,NA,NA,NA,NA,NA,NA,NA,NA,NA,NA,NA,NA,NA
59,S314,skt,2022-03-18,cut open,2022-04-21,69,1.9805,0.015,20.1,36.5,47.2,54.7,Supplementation_Parents,154271,154012,NA,FALSE,NA,2,Refuge_Parents,151201,151202,*,120,NA,2,2022,3,2022-03-17,606,1899-12-31 09:28:00,Delta Smelt,69,Pre-Spawn,2,NO,NO,28,3608,14,67.6,24,"38-10-11.3""N","122-01-30.6""W",2,NA,NA,NA,NA,NA,NA,NA,NA,NA,NA,NA,NA,NA,NA,NA,NA,NA,NA
60,S315,skt,2022-03-18,cut open,2022-04-21,70,3.1995,0.0171,65.5,231.8,34.7,43.2,Supplementation_Parents,154321,150562,NA,FALSE,NA,2,Refuge_Parents,152341,152342,*,234,NA,2,2022,3,2022-03-17,606,1899-12-31 09:28:00,Delta Smelt,70,Pre-Spawn,2,NO,NO,28,3608,14,67.6,24,"38-10-11.3""N","122-01-30.6""W",2,NA,NA,NA,NA,NA,NA,NA,NA,NA,NA,NA,NA,NA,NA,NA,NA,NA,NA
61,S316,skt,2022-03-18,cut open,2022-04-21,83,5.1905,0.0122,116.3,618.6,63.2,58.1,Supplementation_Parents,150051,150052,*,5,NA,2,Refuge_Parents,150051,150052,*,5,NA,2,2022,3,2022-03-17,606,1899-12-31 09:28:00,Delta Smelt,85,Ripe,2,YES,YES,28,3608,14,67.6,24,"38-10-11.3""N","122-01-30.6""W",2,NA,NA,NA,NA,NA,NA,NA,NA,NA,NA,NA,NA,NA,NA,NA,NA,NA,NA
62,S11,edsm,2022-03-24,NA,2022-04-21,70,2.3332,0.0151,20.1,120.2,24.2,28.9,Supplementation_Parents,154281,154282,*,428,NA,2,Refuge_Parents,152031,153072,*,FALSE,NA,2,NA,NA,NA,NA,NA,NA,NA,NA,NA,NA,NA,NA,NA,NA,NA,NA,NA,NA,NA,NA,381860,2022-03-11,22-32-SM01,Suisun Marsh,38.174350,-121.948760,DSM,AdClipped,68,No,S,NA,NA,NA,NA,1,1
63,S12,edsm,2022-03-24,NA,2022-04-21,81,3.9132,0.0169,31.5,108.9,66.4,65.6,Supplementation_Parents,150051,150052,*,5,NA,2,Refuge_Parents,150051,150052,*,5,NA,2,NA,NA,NA,NA,NA,NA,NA,NA,NA,NA,NA,NA,NA,NA,NA,NA,NA,NA,NA,NA,381866,2022-03-11,22-32-SM03,Suisun Marsh,38.180440,-121.994490,DSM,AdClipped,82,No,S,9.63,4392,13.10000038,30.89999962,1,0
64,S13,edsm,2022-03-24,NA,2022-04-21,70,2.694,0.0165,18.8,98.3,20.6,26.9,Supplementation_Parents,150171,154062,NA,FALSE,NA,2,Refuge_Parents,151531,151532,*,153,NA,2,NA,NA,NA,NA,NA,NA,NA,NA,NA,NA,NA,NA,NA,NA,NA,NA,NA,NA,NA,NA,382344,2022-03-22,22-34-SM01,Suisun Marsh,38.174750,-121.963210,DSM,AdClipped,71,No,S,8.68,4335,15.39999962,90.40000153,1,0
65,S133,edsm,2022-03-24,bgh changed FL based on photo,2022-04-21,62,1.1522,0.0085,8.8,20.6,20.4,21.2,Supplementation_Parents,154031,150252,NA,FALSE,NA,2,Refuge_Parents,151091,151092,*,109,NA,2,NA,NA,NA,NA,NA,NA,NA,NA,NA,NA,NA,NA,NA,NA,NA,NA,NA,NA,NA,NA,382146,2022-03-17,22-33-LSSC01,Sac DW Ship Channel,38.406430,-121.615090,DSM,AdClipped,61,No,S,10.46,618,13.39999962,65.90000153,1,0
66,S134,edsm,2022-03-24,NA,2022-04-21,70,2.7616,0.0187,45.1,70.3,15.8,43.5,Supplementation_Parents,150211,150572,NA,FALSE,NA,2,Refuge_Parents,151791,151792,*,179,NA,2,NA,NA,NA,NA,NA,NA,NA,NA,NA,NA,NA,NA,NA,NA,NA,NA,NA,NA,NA,NA,382270,2022-03-21,22-34-CS03,Cache Slough LI,38.374690,-121.633280,DSM,AdClipped,68,No,S,8.37,738,14.80000019,33.79999924,1,0
67,S135,edsm,2022-03-24,NA,2022-04-21,63,1.5981,0.0097,18,22.5,23.5,19.3,Supplementation_Parents,150201,154272,NA,FALSE,NA,2,Refuge_Parents,152791,152792,*,279,NA,2,NA,NA,NA,NA,NA,NA,NA,NA,NA,NA,NA,NA,NA,NA,NA,NA,NA,NA,NA,NA,382426,2022-03-23,22-34-LSSC01,Sac DW Ship Channel,38.454380,-121.593210,DSM,AdClipped,63,No,S,9.81,736,14.60000038,45.20000076,1,0
68,S136,edsm,2022-03-24,NA,2022-04-21,68,2.4354,0.0123,45.8,234.5,31.7,42,Supplementation_Parents,150331,150132,NA,FALSE,NA,2,Refuge_Parents,152841,152842,*,284,NA,2,NA,NA,NA,NA,NA,NA,NA,NA,NA,NA,NA,NA,NA,NA,NA,NA,NA,NA,NA,NA,382406,2022-03-23,22-34-USSC01,Sac DW Ship Channel,38.494720,-121.583680,DSM,AdClipped,69,No,S,9.77,905,14.5,26.70000076,1,0
69,S137,edsm,2022-03-24,NA,2022-04-21,66,2.1295,0.0139,21.4,39.2,28.1,32.6,Supplementation_Parents,154321,154322,*,432,NA,2,Refuge_Parents,150441,152412,*,FALSE,NA,2,NA,NA,NA,NA,NA,NA,NA,NA,NA,NA,NA,NA,NA,NA,NA,NA,NA,NA,NA,NA,382428,2022-03-23,22-34-LSSC02,Sac DW Ship Channel,38.411750,-121.611500,DSM,VIE,65,No,S,9.83,577,15,44.09999847,1,0
70,S138,edsm,2022-03-24,NA,2022-04-21,73,2.6957,0.0149,47.7,397.3,49.4,44.7,Supplementation_Parents,150201,154062,NA,FALSE,NA,2,Refuge_Parents,152251,152252,*,225,NA,2,NA,NA,NA,NA,NA,NA,NA,NA,NA,NA,NA,NA,NA,NA,NA,NA,NA,NA,NA,NA,382429,2022-03-23,22-34-LSSC02,Sac DW Ship Channel,38.411750,-121.611500,DSM,AdClipped,71,No,S,9.88,602,15,47.59999847,1,0
71,S139,edsm,2022-03-24,NA,2022-04-21,72,2.4168,0.0109,30.2,201.4,43.7,22.5,Supplementation_Parents,150381,150382,NA,38,NA,2,Refuge_Parents,151801,151802,*,180,NA,2,NA,NA,NA,NA,NA,NA,NA,NA,NA,NA,NA,NA,NA,NA,NA,NA,NA,NA,NA,NA,382429,2022-03-23,22-34-LSSC02,Sac DW Ship Channel,38.411750,-121.611500,DSM,AdClipped,69,No,S,9.88,602,15,47.59999847,1,0
72,S140,edsm,2022-03-24,NA,2022-04-21,66,2.2598,0.0062,42.2,327.3,47.9,52.6,Supplementation_Parents,150171,154062,NA,FALSE,NA,2,Refuge_Parents,151391,151392,*,139,NA,2,NA,NA,NA,NA,NA,NA,NA,NA,NA,NA,NA,NA,NA,NA,NA,NA,NA,NA,NA,NA,382429,2022-03-23,22-34-LSSC02,Sac DW Ship Channel,38.411750,-121.611500,DSM,AdClipped,67,No,S,9.88,602,15,47.59999847,1,0
73,S14,edsm,2022-04-07,NA,2022-04-21,72,2.7079,0.0163,27.2,99,32.9,47.4,Supplementation_Parents,154031,154072,NA,FALSE,NA,2,Refuge_Parents,151201,151202,*,120,NA,2,NA,NA,NA,NA,NA,NA,NA,NA,NA,NA,NA,NA,NA,NA,NA,NA,NA,NA,NA,NA,382673,2022-03-29,22-35-SM01,Suisun Marsh,38.187100,-121.979760,DSM,AdClipped,70,No,S,8.32,7902,16.5,93.69999695,1,0
74,S141,edsm,2022-04-07,NA,2022-04-21,71,3.0026,0.0134,33.4,136.9,26.6,24.9,Supplementation_Parents,154221,150152,NA,FALSE,NA,2,Refuge_Parents,152011,152012,*,201,NA,2,NA,NA,NA,NA,NA,NA,NA,NA,NA,NA,NA,NA,NA,NA,NA,NA,NA,NA,NA,NA,382842,2022-03-31,22-35-LSSC01,Sac DW Ship Channel,38.436310,-121.600370,DSM,AdClipped,75,No,S,9.67,814,15.80000019,41.90000153,1,0
75,S317,skt,2022-04-14,NA,2022-04-21,75,3.6731,0.0186,42,146.3,55.8,34.4,Supplementation_Parents,154231,154292,NA,FALSE,NA,2,Refuge_Parents,151761,151762,*,176,NA,2,2022,4,2022-04-13,719,1899-12-31 11:39:00,Delta Smelt,75,Pre-Spawn,1,NO,NO,76,421,15.8,13.3,33,"38-20-04.2""N","121-38-51.5""W",4,* poorly adipose clipped,NA,NA,NA,NA,NA,NA,NA,NA,NA,NA,NA,NA,NA,NA,NA,NA,NA
76,S318,skt,2022-04-14,NA,2022-04-21,68,2.2767,0.0141,18.5,42.3,36.5,60.9,Supplementation_Parents,150301,150562,NA,FALSE,NA,2,Refuge_Parents,152681,152682,*,268,NA,2,2022,4,2022-04-14,606,1899-12-31 09:53:00,Delta Smelt,68,Pre-Spawn,1,NO,NO,25,4435,15.3,49.3,24,"38-10-11.0""N","122-01-30.0""W",4,NA,NA,NA,NA,NA,NA,NA,NA,NA,NA,NA,NA,NA,NA,NA,NA,NA,NA
