event,start,end,group,notes,category,color
,10/5/2021,10/12/2021,"SWP regular counts, CWT reading, and larval sampling ",Active (No disruptions),1,#55C667FF
,10/5/2021,10/12/2021,"CVP regular counts, CWT reading, and larval sampling ",Active (No disruptions),1,#55C667FF
,10/5/2021,10/12/2021,Smelt Larval Survey ,Not Active,4,#ffffff
,10/5/2021,10/12/2021,20mm Survey ,Not Active,4,#ffffff
,10/5/2021,10/12/2021,Spring Kodiak Trawl ,Not Active,4,#ffffff
,10/5/2021,10/12/2021,Fall Mid-water Trawl,Active (No disruptions),1,#55C667FF
,10/5/2021,10/12/2021,Summer Townet Survey,Not Active,4,#ffffff
,10/5/2021,10/12/2021,Bay Study ,Active (No disruptions),1,#55C667FF
,10/5/2021,10/12/2021, DJFMP- Chipps and Sacramento Trawls ,Active (No disruptions),1,#55C667FF
,10/5/2021,10/12/2021,DJFMP- Seines ,Active with one disruption: not sampling San Joaquin Seines (due to low water),2,#FDE725FF
,10/5/2021,10/12/2021, EDSM ,Active (No disruptions),1,#55C667FF
,10/5/2021,10/12/2021,EMP  ,?,1,#55C667FF
,10/5/2021,10/12/2021,Mossdale  ,Currently active and no disruptions - may need to start sampling every other week due to low water,1,#55C667FF
,10/5/2021,10/12/2021,USGS Flow monitoring ,Active (No disruptions),1,#55C667FF
,10/5/2021,10/12/2021,Red Bluff Diversion Dam screw trap ,Active (No disruptions),1,#55C667FF
,10/5/2021,10/12/2021,Knights Landing screw trap ,Active (No disruptions),1,#55C667FF
,10/5/2021,10/12/2021,Tisdale screw trap ,Active (No disruptions),1,#55C667FF
,10/5/2021,10/12/2021,GCID screw trap,Active (No disruptions),1,#55C667FF
,10/5/2021,10/12/2021,Redd dewatering and stranding surveys ,Not Active,4,#ffffff
,10/5/2021,10/12/2021,Sacramento Carcass and Redd Surveys ,Not Active,4,#ffffff
,10/5/2021,10/12/2021,Feather River screw trap ,Not Active (anticipate starting mid to late November 2021),4,#ffffff
,10/5/2021,10/12/2021,SJRRP CDFW Field Monitoring  ,Active (No disruptions),1,#55C667FF
,10/5/2021,10/12/2021,SJRRP USFWS and USBR Field Monitoring  ,Active (No disruptions),1,#55C667FF
,10/5/2021,10/12/2021,Stanislaus Fish Weir,Active (No disruptions),1,#55C667FF
,10/12/2021,10/19/2021,"SWP regular counts, CWT reading, and larval sampling ",Active (No disruptions),1,#55C667FF
,10/12/2021,10/19/2021,"CVP regular counts, CWT reading, and larval sampling ",Active (No disruptions),1,#55C667FF
,10/12/2021,10/19/2021,Smelt Larval Survey ,Not Active,4,#ffffff
,10/12/2021,10/19/2021,20mm Survey ,Not Active,4,#ffffff
,10/12/2021,10/19/2021,Spring Kodiak Trawl ,Not Active,4,#ffffff
,10/12/2021,10/19/2021,Fall Mid-water Trawl,Active (No disruptions),1,#55C667FF
,10/12/2021,10/19/2021,Summer Townet Survey,Not Active,4,#ffffff
,10/12/2021,10/19/2021,Bay Study ,Active (No disruptions),1,#55C667FF
,10/12/2021,10/19/2021, DJFMP- Chipps and Sacramento Trawls ,Active (No disruptions),1,#55C667FF
,10/12/2021,10/19/2021,DJFMP- Seines ,Active with one disruption: not sampling San Joaquin Seines (due to low water),2,#FDE725FF
,10/12/2021,10/19/2021, EDSM ,Active (No disruptions),1,#55C667FF
,10/12/2021,10/19/2021,EMP  ,Active (No disruptions),1,#55C667FF
,10/12/2021,10/19/2021,Mossdale  ,Disruptions: no sampling this week,3,#453781FF
,10/12/2021,10/19/2021,USGS Flow monitoring ,Active (No disruptions),1,#55C667FF
,10/12/2021,10/19/2021,Red Bluff Diversion Dam screw trap ,Active (No disruptions),1,#55C667FF
,10/12/2021,10/19/2021,Knights Landing screw trap ,Active (No disruptions),1,#55C667FF
,10/12/2021,10/19/2021,Tisdale screw trap ,Active (No disruptions),1,#55C667FF
,10/12/2021,10/19/2021,GCID screw trap,Active (No disruptions),1,#55C667FF
,10/12/2021,10/19/2021,Redd dewatering and stranding surveys ,Not Active,4,#ffffff
,10/12/2021,10/19/2021,Sacramento Carcass and Redd Surveys ,Not Active,4,#ffffff
,10/12/2021,10/19/2021,Feather River screw trap ,Not Active (anticipate starting mid to late November 2021),4,#ffffff
,10/12/2021,10/19/2021,SJRRP CDFW Field Monitoring  ,Active (No disruptions),1,#55C667FF
,10/12/2021,10/19/2021,SJRRP USFWS and USBR Field Monitoring  ,Active (No disruptions),1,#55C667FF
,10/12/2021,10/19/2021,Stanislaus Fish Weir,Active (No disruptions),1,#55C667FF
,10/12/2021,10/19/2021,"Stanislaus, Merced, Tuolumne Carcass Surveys",Active (No disruptions),1,#55C667FF
,10/19/2021,11/2/2021,"SWP regular counts, CWT reading, and larval sampling ",Active (No disruptions),1,#55C667FF
,10/19/2021,11/2/2021,"CVP regular counts, CWT reading, and larval sampling ",Active (No disruptions),1,#55C667FF
,10/19/2021,11/2/2021,Smelt Larval Survey ,Not Active,4,#ffffff
,10/19/2021,11/2/2021,20mm Survey ,Not Active,4,#ffffff
,10/19/2021,11/2/2021,Spring Kodiak Trawl ,Not Active,4,#ffffff
,10/19/2021,11/2/2021,Fall Mid-water Trawl,Active (No disruptions),1,#55C667FF
,10/19/2021,11/2/2021,Summer Townet Survey,Not Active,4,#ffffff
,10/19/2021,11/2/2021,Bay Study ,Active (No disruptions),1,#55C667FF
,10/19/2021,11/2/2021, DJFMP- Chipps and Sacramento Trawls ,Active (No disruptions),1,#55C667FF
,10/19/2021,11/2/2021,DJFMP- Seines ,Active with one disruption: not sampling San Joaquin Seines (due to low water),2,#FDE725FF
,10/19/2021,11/2/2021, EDSM ,Active (No disruptions),1,#55C667FF
,10/19/2021,11/2/2021,EMP  ,?,1,#55C667FF
,10/19/2021,11/2/2021,Mossdale  ,Not currently sampling (water is too low),3,#453781FF
,10/19/2021,11/2/2021,USGS Flow monitoring ,Active (No disruptions),1,#55C667FF
,10/19/2021,11/2/2021,Red Bluff Diversion Dam screw trap ,Active (No disruptions),1,#55C667FF
,10/19/2021,11/2/2021,Knights Landing screw trap ,Active (No disruptions),1,#55C667FF
,10/19/2021,11/2/2021,Tisdale screw trap ,Active (No disruptions),1,#55C667FF
,10/19/2021,11/2/2021,GCID screw trap,Active (No disruptions),1,#55C667FF
,10/19/2021,11/2/2021,Redd dewatering and stranding surveys ,Not Active,4,#ffffff
,10/19/2021,11/2/2021,Sacramento Carcass and Redd Surveys ,Not Active,4,#ffffff
,10/19/2021,11/2/2021,Feather River screw trap ,Not Active (anticipate starting mid to late November 2021),4,#ffffff
,10/19/2021,11/2/2021,SJRRP CDFW Field Monitoring  ,Active (No disruptions),1,#55C667FF
,10/19/2021,11/2/2021,SJRRP USFWS and USBR Field Monitoring  ,Active (No disruptions),1,#55C667FF
,10/19/2021,11/2/2021,Stanislaus Fish Weir,Active (No disruptions),1,#55C667FF
,11/2/2021,11/9/2021,"SWP regular counts, CWT reading, and larval sampling  ",Active (anticipating disruptions from 11/4-11/5) ,2,#FDE725FF
,11/2/2021,11/9/2021,"CVP regular counts, CWT reading, and larval sampling  ",Active (No disruptions) ,1,#55C667FF
,11/2/2021,11/9/2021,Smelt Larval Survey  ,Not Active ,4,#ffffff
,11/2/2021,11/9/2021,20mm Survey  ,Not Active ,4,#ffffff
,11/2/2021,11/9/2021,Spring Kodiak Trawl  ,Not Active ,4,#ffffff
,11/2/2021,11/9/2021,Fall Mid-water Trawl ,Active (No disruptions) ,1,#55C667FF
,11/2/2021,11/9/2021,Summer Townet Survey ,Not Active ,4,#ffffff
,11/2/2021,11/9/2021,Bay Study  ,Active (No disruptions) ,1,#55C667FF
,11/2/2021,11/9/2021, DJFMP- Chipps and Sacramento Trawls ,Active (No disruptions) ,1,#55C667FF
,11/2/2021,11/9/2021,DJFMP- Seines  ,Active with one disruption: not sampling San Joaquin Seines (due to low water) ,2,#FDE725FF
,11/2/2021,11/9/2021, EDSM  ,Active (missed one day last week due to boat issues) ,1,#55C667FF
,11/2/2021,11/9/2021,EMP   ,? ,1,#55C667FF
,11/2/2021,11/9/2021,Mossdale   ,Interrupted last week (due to low water and vessel issues) should restart this week  ,2,#FDE725FF
,11/2/2021,11/9/2021,USGS Flow monitoring  ,Active (No disruptions) ,1,#55C667FF
,11/2/2021,11/9/2021,Red Bluff Diversion Dam screw trap  ,Active (No disruptions) ,1,#55C667FF
,11/2/2021,11/9/2021,Knights Landing screw trap  ,Active (from 10/25-10/27) ,1,#55C667FF
,11/2/2021,11/9/2021,Tisdale screw trap  ,Active ,1,#55C667FF
,11/2/2021,11/9/2021,GCID screw trap ,Active (interrupted 10/22-10/27),1,#55C667FF
,11/2/2021,11/9/2021,Redd dewatering and stranding surveys  ,Not Active ,4,#ffffff
,11/2/2021,11/9/2021,Sacramento Carcass and Redd Surveys  ,Active ,1,#55C667FF
,11/2/2021,11/9/2021,Feather River screw trap  ,Not Active (anticipate starting mid to late November 2021) ,4,#ffffff
,11/2/2021,11/9/2021,SJRRP CDFW Field Monitoring   ,Active (No disruptions) ,1,#55C667FF
,11/2/2021,11/9/2021,SJRRP USFWS and USBR Field Monitoring  ,Active (No disruptions) ,1,#55C667FF
,11/2/2021,11/9/2021,Stanislaus Fish Weir ,Active (No disruptions) ,1,#55C667FF
,11/9/2021,11/16/2021,"SWP regular counts, CWT reading, and larval sampling  ",Active (no pumping from 11/4-11/5) ,1,#55C667FF
,11/9/2021,11/16/2021,"CVP regular counts, CWT reading, and larval sampling  ",Active (No disruptions) ,1,#55C667FF
,11/9/2021,11/16/2021,Smelt Larval Survey  ,Not Active ,4,#ffffff
,11/9/2021,11/16/2021,20mm Survey  ,Not Active ,4,#ffffff
,11/9/2021,11/16/2021,Spring Kodiak Trawl  ,Not Active ,4,#ffffff
,11/9/2021,11/16/2021,Fall Mid-water Trawl ,Active (No disruptions) ,1,#55C667FF
,11/9/2021,11/16/2021,Summer Townet Survey ,Not Active ,4,#ffffff
,11/9/2021,11/16/2021,Bay Study  ,Active (No disruptions) ,1,#55C667FF
,11/9/2021,11/16/2021, DJFMP- Chipps and Sacramento Trawls ,Active (No disruptions) ,1,#55C667FF
,11/9/2021,11/16/2021,DJFMP- Seines  ,Active with one disruption: not sampling San Joaquin Seines (due to low water) ,2,#FDE725FF
,11/9/2021,11/16/2021, EDSM  ,Active  ,1,#55C667FF
,11/9/2021,11/16/2021,EMP   ,? ,1,#55C667FF
,11/9/2021,11/16/2021,Mossdale   ,Active,1,#55C667FF
,11/9/2021,11/16/2021,USGS Flow monitoring  ,Active (No disruptions) ,1,#55C667FF
,11/9/2021,11/16/2021,Red Bluff Diversion Dam screw trap  ,Active (No disruptions) ,1,#55C667FF
,11/9/2021,11/16/2021,Knights Landing screw trap  ,Active  ,1,#55C667FF
,11/9/2021,11/16/2021,Tisdale screw trap  ,Active ,1,#55C667FF
,11/9/2021,11/16/2021,GCID screw trap ,Active ,1,#55C667FF
,11/9/2021,11/16/2021,Redd dewatering and stranding surveys  ,Not Active ,4,#ffffff
,11/9/2021,11/16/2021,Sacramento Carcass and Redd Surveys  ,Active ,1,#55C667FF
,11/9/2021,11/16/2021,Feather River screw trap  ,Not Active (anticipate starting mid to late November 2021) ,4,#ffffff
,11/9/2021,11/16/2021,SJRRP CDFW Field Monitoring   ,Active (No disruptions) ,1,#55C667FF
,11/9/2021,11/16/2021,SJRRP USFWS and USBR Field Monitoring,Active (No disruptions) ,1,#55C667FF
,11/9/2021,11/16/2021,Stanislaus Fish Weir ,Active (No disruptions) ,1,#55C667FF
,11/16/2021,11/23/2021,"SWP regular counts, CWT reading, and larval sampling  ",Active (no pumping from 11/4-11/5) ,1,#55C667FF
,11/16/2021,11/23/2021,"CVP regular counts, CWT reading, and larval sampling  ",Active (Disrupted 11/10) ,2,#FDE725FF
,11/16/2021,11/23/2021,Smelt Larval Survey  ,Not Active ,4,#ffffff
,11/16/2021,11/23/2021,20mm Survey  ,Not Active ,4,#ffffff
,11/16/2021,11/23/2021,Spring Kodiak Trawl  ,Not Active ,4,#ffffff
,11/16/2021,11/23/2021,Fall Mid-water Trawl ,Active (No disruptions) ,1,#55C667FF
,11/16/2021,11/23/2021,Summer Townet Survey ,Not Active ,4,#ffffff
,11/16/2021,11/23/2021,Bay Study  ,Active (No disruptions) ,1,#55C667FF
,11/16/2021,11/23/2021, DJFMP- Chipps and Sacramento Trawls ,Active (No disruptions) ,1,#55C667FF
,11/16/2021,11/23/2021,DJFMP- Seines  ,Active with one disruption: not sampling San Joaquin Seines (due to low water) ,2,#FDE725FF
,11/16/2021,11/23/2021, EDSM  ,Active  ,1,#55C667FF
,11/16/2021,11/23/2021,EMP   ,Active,1,#55C667FF
,11/16/2021,11/23/2021,Mossdale   ,Active,1,#55C667FF
,11/16/2021,11/23/2021,USGS Flow monitoring  ,Active (No disruptions) ,1,#55C667FF
,11/16/2021,11/23/2021,Red Bluff Diversion Dam screw trap  ,Active (No disruptions) ,1,#55C667FF
,11/16/2021,11/23/2021,Knights Landing screw trap  ,Active  ,1,#55C667FF
,11/16/2021,11/23/2021,Tisdale screw trap  ,Active ,1,#55C667FF
,11/16/2021,11/23/2021,GCID screw trap ,"Active (removed cone on 11/9, replaced on 11/12, malfunction on 11/14)",2,#FDE725FF
,11/16/2021,11/23/2021,Redd dewatering and stranding surveys  ,Not Active ,4,#ffffff
,11/16/2021,11/23/2021,Sacramento Carcass and Redd Surveys  ,Active ,1,#55C667FF
,11/16/2021,11/23/2021,Feather River screw trap  ,Not Active (anticipate starting mid to late November 2021) ,4,#ffffff
,11/16/2021,11/23/2021,SJRRP CDFW Field Monitoring   ,Active (No disruptions) ,1,#55C667FF
,11/16/2021,11/23/2021,SJRRP USFWS and USBR Field Monitoring,Active (No disruptions) ,1,#55C667FF
,11/16/2021,11/23/2021,Stanislaus Fish Weir ,Active (No disruptions) ,1,#55C667FF
,11/23/2021,11/30/2021,"SWP regular counts, CWT reading, and larval sampling  ",Active (No disruptions),1,#55C667FF
,11/23/2021,11/30/2021,"CVP regular counts, CWT reading, and larval sampling  ",Active (No disruptions),1,#55C667FF
,11/23/2021,11/30/2021,Smelt Larval Survey  ,Not Active ,4,#ffffff
,11/23/2021,11/30/2021,20mm Survey  ,Not Active ,4,#ffffff
,11/23/2021,11/30/2021,Spring Kodiak Trawl  ,Not Active ,4,#ffffff
,11/23/2021,11/30/2021,Fall Mid-water Trawl , Active (No disruptions) ,1,#55C667FF
,11/23/2021,11/30/2021,Summer Townet Survey ,Not Active ,4,#ffffff
,11/23/2021,11/30/2021,Bay Study  ,Active (No disruptions),1,#55C667FF
,11/23/2021,11/30/2021, DJFMP- Chipps and Sacramento Trawls ,Active (some disruptions due to fog) ,2,#FDE725FF
,11/23/2021,11/30/2021,DJFMP- Seines  ,Active with one disruption: not sampling San Joaquin Seines (due to low water) ,2,#FDE725FF
,11/23/2021,11/30/2021, EDSM  ,Active (some disruptions due to fog),2,#FDE725FF
,11/23/2021,11/30/2021,EMP   , Active (No disruptions),1,#55C667FF
,11/23/2021,11/30/2021,Mossdale   ,Active (some disruptions due to low water and some fleet issues),2,#FDE725FF
,11/23/2021,11/30/2021,USGS Flow monitoring  ,Active (No disruptions) ,1,#55C667FF
,11/23/2021,11/30/2021,Red Bluff Diversion Dam screw trap  ,Active (No disruptions) ,1,#55C667FF
,11/23/2021,11/30/2021,Knights Landing screw trap  ,Active (No disruptions),1,#55C667FF
,11/23/2021,11/30/2021,Tisdale screw trap  ,Active (No disruptions),1,#55C667FF
,11/23/2021,11/30/2021,GCID screw trap ,Active ,1,#55C667FF
,11/23/2021,11/30/2021,Redd dewatering and stranding surveys  ,Not Active ,4,#ffffff
,11/23/2021,11/30/2021,Sacramento Carcass and Redd Surveys  ,Active (No disruptions),1,#55C667FF
,11/23/2021,11/30/2021,Feather River screw trap  ,"Active (upper rotary screw trap at Eye Riffle active from 11/15 to 11/19; lower rotary screw trap active next week, weekdays only) ",2,#FDE725FF
,11/23/2021,11/30/2021,SJRRP CDFW Field Monitoring   ,Active (No disruptions) ,1,#55C667FF
,11/23/2021,11/30/2021,SJRRP USFWS and USBR Field Monitoring,Active (No disruptions) ,1,#55C667FF
,11/23/2021,11/30/2021,Stanislaus Fish Weir ,Active (No disruptions) ,1,#55C667FF
,11/30/2021,12/7/2021,"SWP regular counts, CWT reading, and larval sampling  ",Active (No disruptions),1,#55C667FF
,11/30/2021,12/7/2021,"CVP regular counts, CWT reading, and larval sampling  ",Active (No disruptions),1,#55C667FF
,11/30/2021,12/7/2021,Smelt Larval Survey  ,Not Active ,4,#ffffff
,11/30/2021,12/7/2021,20mm Survey  ,Not Active ,4,#ffffff
,11/30/2021,12/7/2021,Spring Kodiak Trawl  ,Not Active ,4,#ffffff
,11/30/2021,12/7/2021,Fall Mid-water Trawl , Active (No disruptions) ,1,#55C667FF
,11/30/2021,12/7/2021,Summer Townet Survey ,Not Active ,4,#ffffff
,11/30/2021,12/7/2021,Bay Study  ,Active (No disruptions),1,#55C667FF
,11/30/2021,12/7/2021, DJFMP- Chipps and Sacramento Trawls ,Active (some disruptions due to fog) ,2,#FDE725FF
,11/30/2021,12/7/2021,DJFMP- Seines  ,Active with one disruption: not sampling San Joaquin Seines (due to low water) ,2,#FDE725FF
,11/30/2021,12/7/2021, EDSM  ,Active (some disruptions due to fog),2,#FDE725FF
,11/30/2021,12/7/2021,EMP   , Active (No disruptions),1,#55C667FF
,11/30/2021,12/7/2021,Mossdale   ,Not active this week ,4,#ffffff
,11/30/2021,12/7/2021,USGS Flow monitoring  ,Active (No disruptions) ,1,#55C667FF
,11/30/2021,12/7/2021,Red Bluff Diversion Dam screw trap  ,Active (No disruptions) ,1,#55C667FF
,11/30/2021,12/7/2021,Knights Landing screw trap  ,Active (No disruptions),1,#55C667FF
,11/30/2021,12/7/2021,Tisdale screw trap  ,Active (No disruptions),1,#55C667FF
,11/30/2021,12/7/2021,GCID screw trap ,Active ,1,#55C667FF
,11/30/2021,12/7/2021,Redd dewatering and stranding surveys  ,Not Active ,4,#ffffff
,11/30/2021,12/7/2021,Sacramento Carcass and Redd Surveys  ,Active (No disruptions),1,#55C667FF
,11/30/2021,12/7/2021,Feather River screw trap  ,Active (upper rotary screw trap at Eye Riffle active as of 11/15; lower rotary screw trap at Herringer Riffle active as of 11/29) ,1,#55C667FF
,11/30/2021,12/7/2021,SJRRP CDFW Field Monitoring   ,Active (No disruptions) ,1,#55C667FF
,11/30/2021,12/7/2021,SJRRP USFWS and USBR Field Monitoring,Active (No disruptions) ,1,#55C667FF
,11/30/2021,12/7/2021,Stanislaus Fish Weir ,Active (No disruptions) ,1,#55C667FF
,12/7/2021,12/14/2021,"SWP regular counts, CWT reading, and larval sampling  ",Active (No disruptions),1,#55C667FF
,12/7/2021,12/14/2021,"CVP regular counts, CWT reading, and larval sampling  ",Active (No disruptions),1,#55C667FF
,12/7/2021,12/14/2021,Smelt Larval Survey  ,Not Active ,4,#ffffff
,12/7/2021,12/14/2021,20mm Survey  ,Not Active ,4,#ffffff
,12/7/2021,12/14/2021,Spring Kodiak Trawl  ,Not Active ,4,#ffffff
,12/7/2021,12/14/2021,Fall Mid-water Trawl , Active (No disruptions) ,1,#55C667FF
,12/7/2021,12/14/2021,Summer Townet Survey ,Not Active ,4,#ffffff
,12/7/2021,12/14/2021,Bay Study  ,Active (No disruptions),1,#55C667FF
,12/7/2021,12/14/2021, DJFMP- Chipps and Sacramento Trawls ,"Active (5x a week, some potential disruptions due to fog) ",2,#FDE725FF
,12/7/2021,12/14/2021,DJFMP- Seines  ,Active with one disruption: not sampling San Joaquin Seines (due to low water) ,2,#FDE725FF
,12/7/2021,12/14/2021, EDSM  ,Active (some disruptions due to fog),2,#FDE725FF
,12/7/2021,12/14/2021,EMP   , Active (No disruptions),1,#55C667FF
,12/7/2021,12/14/2021,Mossdale   ,Active (some interruptions) ,2,#FDE725FF
,12/7/2021,12/14/2021,USGS Flow monitoring  ,Active (No disruptions) ,1,#55C667FF
,12/7/2021,12/14/2021,Red Bluff Diversion Dam screw trap  ,Active (No disruptions) ,1,#55C667FF
,12/7/2021,12/14/2021,Knights Landing screw trap  ,Active (No disruptions),1,#55C667FF
,12/7/2021,12/14/2021,Tisdale screw trap  ,Active (No disruptions),1,#55C667FF
,12/7/2021,12/14/2021,GCID screw trap ,Active ,1,#55C667FF
,12/7/2021,12/14/2021,Redd dewatering and stranding surveys  ,Not Active ,4,#ffffff
,12/7/2021,12/14/2021,Sacramento Carcass and Redd Surveys  ,Active (No disruptions),1,#55C667FF
,12/7/2021,12/14/2021,Feather River screw trap  ,Active (weekdays only) ,1,#55C667FF
,12/7/2021,12/14/2021,SJRRP CDFW Field Monitoring   ,Active (No disruptions) ,1,#55C667FF
,12/7/2021,12/14/2021,SJRRP USFWS and USBR Field Monitoring,Active (No disruptions) ,1,#55C667FF
,12/7/2021,12/14/2021,Stanislaus Fish Weir ,Active (No disruptions) ,1,#55C667FF
,12/14/2021,12/21/2021,"SWP regular counts, CWT reading, and larval sampling  ",Active (No disruptions),1,#55C667FF
,12/14/2021,12/21/2021,"CVP regular counts, CWT reading, and larval sampling  ",Active (No disruptions),1,#55C667FF
,12/14/2021,12/21/2021,Smelt Larval Survey  ,Active (partial disruption),2,#FDE725FF
,12/14/2021,12/21/2021,20mm Survey  ,Not Active ,4,#ffffff
,12/14/2021,12/21/2021,Spring Kodiak Trawl  ,Not Active ,4,#ffffff
,12/14/2021,12/21/2021,Fall Mid-water Trawl , Active (No disruptions) ,1,#55C667FF
,12/14/2021,12/21/2021,Summer Townet Survey ,Not Active ,4,#ffffff
,12/14/2021,12/21/2021,Bay Study  ,Active (No disruptions),1,#55C667FF
,12/14/2021,12/21/2021, DJFMP- Chipps and Sacramento Trawls ,Active (5x a week) ,1,#55C667FF
,12/14/2021,12/21/2021,DJFMP- Seines  ,Active with one disruption: not sampling San Joaquin Seines (due to low water) ,2,#FDE725FF
,12/14/2021,12/21/2021, EDSM  ,Active (some disruptions due to fog and wind),2,#FDE725FF
,12/14/2021,12/21/2021,EMP   , Active (No disruptions),1,#55C667FF
,12/14/2021,12/21/2021,Mossdale   ,Not active (due to low water and vessel availability),4,#ffffff
,12/14/2021,12/21/2021,USGS Flow monitoring  ,Active (No disruptions) ,1,#55C667FF
,12/14/2021,12/21/2021,Red Bluff Diversion Dam screw trap  ,Active (No disruptions) ,1,#55C667FF
,12/14/2021,12/21/2021,Knights Landing screw trap  ,Active (No disruptions),1,#55C667FF
,12/14/2021,12/21/2021,Tisdale screw trap  ,Active (No disruptions),1,#55C667FF
,12/14/2021,12/21/2021,GCID screw trap ,Active (partial disruptions – cone was removed 12/10 due to high water flows),2,#FDE725FF
,12/14/2021,12/21/2021,Redd dewatering and stranding surveys  ,Not Active ,4,#ffffff
,12/14/2021,12/21/2021,Sacramento Carcass and Redd Surveys  ,Active (No disruptions),1,#55C667FF
,12/14/2021,12/21/2021,Feather River screw trap  ,Active (weekdays only) ,1,#55C667FF
,12/14/2021,12/21/2021,SJRRP CDFW Field Monitoring   ,Active (No disruptions) ,1,#55C667FF
,12/14/2021,12/21/2021,SJRRP USFWS and USBR Field Monitoring,Active (No disruptions) ,1,#55C667FF
,12/14/2021,12/21/2021,Stanislaus Fish Weir ,Active (No disruptions) ,1,#55C667FF
,12/21/2021,12/28/2021,"SWP regular counts, CWT reading, and larval sampling  ",Active (No disruptions),1,#55C667FF
,12/21/2021,12/28/2021,"CVP regular counts, CWT reading, and larval sampling  ",Active (No disruptions),1,#55C667FF
,12/21/2021,12/28/2021,Smelt Larval Survey  ,Active ,1,#55C667FF
,12/21/2021,12/28/2021,20mm Survey  ,Not Active ,4,#ffffff
,12/21/2021,12/28/2021,Spring Kodiak Trawl  ,Not Active ,4,#ffffff
,12/21/2021,12/28/2021,Fall Mid-water Trawl , Active (No disruptions) ,1,#55C667FF
,12/21/2021,12/28/2021,Summer Townet Survey ,Not Active ,4,#ffffff
,12/21/2021,12/28/2021,Bay Study  ,Active (No disruptions),1,#55C667FF
,12/21/2021,12/28/2021, DJFMP- Chipps and Sacramento Trawls ,Active (5x a week) ,1,#55C667FF
,12/21/2021,12/28/2021,DJFMP- Seines  ,Active with one disruption: not sampling San Joaquin Seines (due to low water) ,2,#FDE725FF
,12/21/2021,12/28/2021, EDSM  ,Active ,1,#55C667FF
,12/21/2021,12/28/2021,EMP   , Active (No disruptions),1,#55C667FF
,12/21/2021,12/28/2021,Mossdale   ,Not active (due to low water and vessel availability),4,#ffffff
,12/21/2021,12/28/2021,USGS Flow monitoring  ,Active (No disruptions) ,1,#55C667FF
,12/21/2021,12/28/2021,Red Bluff Diversion Dam screw trap  ,Active (No disruptions) ,1,#55C667FF
,12/21/2021,12/28/2021,Knights Landing screw trap  ,Active (No disruptions),1,#55C667FF
,12/21/2021,12/28/2021,Tisdale screw trap  ,Active (No disruptions),1,#55C667FF
,12/21/2021,12/28/2021,GCID screw trap ,Active (partial disruptions – cone was removed 12/10 due to high water flows),2,#FDE725FF
,12/21/2021,12/28/2021,Redd dewatering and stranding surveys  ,Not Active ,4,#ffffff
,12/21/2021,12/28/2021,Sacramento Carcass and Redd Surveys  ,Active (No disruptions),1,#55C667FF
,12/21/2021,12/28/2021,Feather River screw trap  ,Active (weekdays only) ,1,#55C667FF
,12/21/2021,12/28/2021,SJRRP CDFW Field Monitoring   ,Active (No disruptions) ,1,#55C667FF
,12/21/2021,12/28/2021,SJRRP USFWS and USBR Field Monitoring,Active (No disruptions) ,1,#55C667FF
,12/21/2021,12/28/2021,Stanislaus Fish Weir ,Active (No disruptions) ,1,#55C667FF
,12/28/2021,1/4/2022,"SWP regular counts, CWT reading, and larval sampling  ",Active (No disruptions),1,#55C667FF
,12/28/2021,1/4/2022,"CVP regular counts, CWT reading, and larval sampling  ",Active (No disruptions),1,#55C667FF
,12/28/2021,1/4/2022,Smelt Larval Survey  ,Active ,1,#55C667FF
,12/28/2021,1/4/2022,20mm Survey  ,Not Active ,4,#ffffff
,12/28/2021,1/4/2022,Spring Kodiak Trawl  ,Not Active ,4,#ffffff
,12/28/2021,1/4/2022,Fall Mid-water Trawl , Active (No disruptions) ,1,#55C667FF
,12/28/2021,1/4/2022,Summer Townet Survey ,Not Active ,4,#ffffff
,12/28/2021,1/4/2022,Bay Study  ,Active (No disruptions),1,#55C667FF
,12/28/2021,1/4/2022, DJFMP- Chipps and Sacramento Trawls ,Active (5x a week) ,1,#55C667FF
,12/28/2021,1/4/2022,DJFMP- Seines  ,Active with one disruption: not sampling San Joaquin Seines (due to low water) ,2,#FDE725FF
,12/28/2021,1/4/2022, EDSM  ,Active ,1,#55C667FF
,12/28/2021,1/4/2022,EMP   , Active (No disruptions),1,#55C667FF
,12/28/2021,1/4/2022,Mossdale   ,Not active (due to low water and vessel availability),4,#ffffff
,12/28/2021,1/4/2022,USGS Flow monitoring  ,Active (No disruptions) ,1,#55C667FF
,12/28/2021,1/4/2022,Red Bluff Diversion Dam screw trap  ,Active (No disruptions) ,1,#55C667FF
,12/28/2021,1/4/2022,Knights Landing screw trap  ,"Active (Pulled cones on 12/24, didn’t sample on 12/25 or 12/26)",1,#55C667FF
,12/28/2021,1/4/2022,Tisdale screw trap  ,"Active (Pulled cones on 12/24, didn’t sample on 12/25 or 12/26)",1,#55C667FF
,12/28/2021,1/4/2022,GCID screw trap ,Active (partial disruptions – cone was removed 12/23 due to high water flows),2,#FDE725FF
,12/28/2021,1/4/2022,Redd dewatering and stranding surveys  ,Not Active ,4,#ffffff
,12/28/2021,1/4/2022,Sacramento Carcass and Redd Surveys  ,Active (No disruptions),1,#55C667FF
,12/28/2021,1/4/2022,Feather River screw trap  ,Active (weekdays only) ,1,#55C667FF
,12/28/2021,1/4/2022,SJRRP CDFW Field Monitoring   ,Active (No disruptions) ,1,#55C667FF
,12/28/2021,1/4/2022,SJRRP USFWS and USBR Field Monitoring,Active (No disruptions) ,1,#55C667FF
,12/28/2021,1/4/2022,Stanislaus Fish Weir ,Active (No disruptions) ,1,#55C667FF
,1/4/2022,1/11/2022,"SWP regular counts, CWT reading, and larval sampling  ",Active (No disruptions),1,#55C667FF
,1/4/2022,1/11/2022,"CVP regular counts, CWT reading, and larval sampling  ",Active (No disruptions),1,#55C667FF
,1/4/2022,1/11/2022,Smelt Larval Survey  ,Active ,1,#55C667FF
,1/4/2022,1/11/2022,20mm Survey  ,Not Active ,4,#ffffff
,1/4/2022,1/11/2022,Spring Kodiak Trawl  ,Not Active ,4,#ffffff
,1/4/2022,1/11/2022,Fall Mid-water Trawl , Not Active ,4,#ffffff
,1/4/2022,1/11/2022,Summer Townet Survey ,Not Active ,4,#ffffff
,1/4/2022,1/11/2022,Bay Study  ,Active (No disruptions),1,#55C667FF
,1/4/2022,1/11/2022, DJFMP- Chipps and Sacramento Trawls ,Active (No trawls on 12/30 due to Covid),2,#FDE725FF
,1/4/2022,1/11/2022,DJFMP- Seines  ,Active: sampling San Joaquin Seines (Only two sites) ,2,#FDE725FF
,1/4/2022,1/11/2022, EDSM  ,"Active (No sampling on 12/29 due to high winds, 12/30 due to Covid)",2,#FDE725FF
,1/4/2022,1/11/2022,EMP   , Active (No disruptions),1,#55C667FF
,1/4/2022,1/11/2022,Mossdale   ,Active ,1,#55C667FF
,1/4/2022,1/11/2022,USGS Flow monitoring  ,Active (No disruptions) ,1,#55C667FF
,1/4/2022,1/11/2022,Red Bluff Diversion Dam screw trap  ,Active (No disruptions) ,1,#55C667FF
,1/4/2022,1/11/2022,Knights Landing screw trap  ,"Active (Pulled cones on 12/24, didn’t sample on 12/25 or 12/26)",1,#55C667FF
,1/4/2022,1/11/2022,Tisdale screw trap  ,"Active (Pulled cones on 12/24, didn’t sample on 12/25 or 12/26)",1,#55C667FF
,1/4/2022,1/11/2022,GCID screw trap ,Active (partial disruptions – cone was removed 12/23 due to high water flows),2,#FDE725FF
,1/4/2022,1/11/2022,Redd dewatering and stranding surveys  ,Not Active ,4,#ffffff
,1/4/2022,1/11/2022,Sacramento Carcass and Redd Surveys  ,Active (No disruptions),1,#55C667FF
,1/4/2022,1/11/2022,Feather River screw trap  ,Active (weekdays only) ,1,#55C667FF
,1/4/2022,1/11/2022,SJRRP CDFW Field Monitoring   ,Active (No disruptions) ,1,#55C667FF
,1/4/2022,1/11/2022,SJRRP USFWS and USBR Field Monitoring,Active (No disruptions) ,1,#55C667FF
,1/4/2022,1/11/2022,Stanislaus Fish Weir ,Active (No disruptions) ,1,#55C667FF
,1/11/2022,1/18/2022,"SWP regular counts, CWT reading, and larval sampling  ",Active (No disruptions),1,#55C667FF
,1/11/2022,1/18/2022,"CVP regular counts, CWT reading, and larval sampling  ",Active (No disruptions),1,#55C667FF
,1/11/2022,1/18/2022,Smelt Larval Survey  ,Interrupted ,3,#453781FF
,1/11/2022,1/18/2022,LEPS,Interrupted ,3,#453781FF
,1/11/2022,1/18/2022,20mm Survey  ,Not Active ,4,#ffffff
,1/11/2022,1/18/2022,Spring Kodiak Trawl  ,Not Active ,4,#ffffff
,1/11/2022,1/18/2022,Fall Mid-water Trawl , Not Active ,4,#ffffff
,1/11/2022,1/18/2022,Summer Townet Survey ,Not Active ,4,#ffffff
,1/11/2022,1/18/2022,Bay Study  ,Active (No disruptions),1,#55C667FF
,1/11/2022,1/18/2022, DJFMP- Chipps and Sacramento Trawls ,"Active (Sampling on 1/6 was cut short. No Sac trawl on 1/9, will be made up on 1/12)",2,#FDE725FF
,1/11/2022,1/18/2022,DJFMP- Seines  ,Active: sampling San Joaquin Seines (Only two sites.  South Delta sampling canceled 1/5) ,2,#FDE725FF
,1/11/2022,1/18/2022, EDSM  ,Active (No sampling at Rio Vista on 1/6.  Sampling at Pittsburgh and Rio Vista canceled on 1/7),2,#FDE725FF
,1/11/2022,1/18/2022,EMP   , Active (No disruptions),1,#55C667FF
,1/11/2022,1/18/2022,Mossdale   ,Active (started Jan 1 w/ mixed CDFW/USFWS crews),1,#55C667FF
,1/11/2022,1/18/2022,USGS Flow monitoring  ,Active (No disruptions) ,1,#55C667FF
,1/11/2022,1/18/2022,Red Bluff Diversion Dam screw trap  ,Active (No disruptions) ,1,#55C667FF
,1/11/2022,1/18/2022,Knights Landing screw trap  ,Active ,1,#55C667FF
,1/11/2022,1/18/2022,Tisdale screw trap  ,Active ,1,#55C667FF
,1/11/2022,1/18/2022,GCID screw trap ,Active (partial disruptions1/9),2,#FDE725FF
,1/11/2022,1/18/2022,Redd dewatering and stranding surveys  ,Not Active ,4,#ffffff
,1/11/2022,1/18/2022,Sacramento Carcass and Redd Surveys  ,Active (No disruptions),1,#55C667FF
,1/11/2022,1/18/2022,Feather River screw trap  ,Active (weekdays only) ,1,#55C667FF
,1/11/2022,1/18/2022,SJRRP CDFW Field Monitoring   ,Active (No disruptions) ,1,#55C667FF
,1/11/2022,1/18/2022,SJRRP USFWS and USBR Field Monitoring,Active (No disruptions) ,1,#55C667FF
,1/11/2022,1/18/2022,Stanislaus Fish Weir ,Active (No disruptions) ,1,#55C667FF
,1/18/2022,1/25/2022,"SWP regular counts, CWT reading, and larval sampling  ",Active (No disruptions),1,#55C667FF
,1/18/2022,1/25/2022,"CVP regular counts, CWT reading, and larval sampling  ",Active (No disruptions),1,#55C667FF
,1/18/2022,1/25/2022,Smelt Larval Survey  ,Active ,1,#55C667FF
,1/18/2022,1/25/2022,LEPS,Active,1,#55C667FF
,1/18/2022,1/25/2022,20mm Survey  ,Not Active ,4,#ffffff
,1/18/2022,1/25/2022,Spring Kodiak Trawl  ,Active ,1,#55C667FF
,1/18/2022,1/25/2022,Fall Mid-water Trawl , Not Active ,4,#ffffff
,1/18/2022,1/25/2022,Summer Townet Survey ,Not Active ,4,#ffffff
,1/18/2022,1/25/2022,Bay Study  ,Active ,1,#55C667FF
,1/18/2022,1/25/2022, DJFMP- Chipps and Sacramento Trawls ,Active ,1,#55C667FF
,1/18/2022,1/25/2022,DJFMP- Seines  ,Active: sampling San Joaquin Seines (only two sites)  ,2,#FDE725FF
,1/18/2022,1/25/2022, EDSM  ,Active ,1,#55C667FF
,1/18/2022,1/25/2022,EMP   , Active (No disruptions),1,#55C667FF
,1/18/2022,1/25/2022,Mossdale   ,Active (Disrupted 1/12),2,#FDE725FF
,1/18/2022,1/25/2022,USGS Flow monitoring  ,Active (No disruptions) ,1,#55C667FF
,1/18/2022,1/25/2022,Red Bluff Diversion Dam screw trap  ,Active (No disruptions) ,1,#55C667FF
,1/18/2022,1/25/2022,Knights Landing screw trap  ,Active ,1,#55C667FF
,1/18/2022,1/25/2022,Tisdale screw trap  ,Active ,1,#55C667FF
,1/18/2022,1/25/2022,GCID screw trap ,Active ,1,#55C667FF
,1/18/2022,1/25/2022,Redd dewatering and stranding surveys  ,Not Active ,4,#ffffff
,1/18/2022,1/25/2022,Sacramento Carcass and Redd Surveys  ,Active (No disruptions),1,#55C667FF
,1/18/2022,1/25/2022,Feather River screw trap  ,Active (weekdays only) ,1,#55C667FF
,1/18/2022,1/25/2022,SJRRP CDFW Field Monitoring   ,Active (No disruptions) ,1,#55C667FF
,1/18/2022,1/25/2022,SJRRP USFWS and USBR Field Monitoring,Active (No disruptions) ,1,#55C667FF
,1/18/2022,1/25/2022,Stanislaus Fish Weir ,Active (No disruptions) ,1,#55C667FF
,1/25/2022,2/1/2022,"SWP regular counts, CWT reading, and larval sampling  ",Active ,1,#55C667FF
,1/25/2022,2/1/2022,"CVP regular counts, CWT reading, and larval sampling  ",Active ,1,#55C667FF
,1/25/2022,2/1/2022,Smelt Larval Survey  ,Active ,1,#55C667FF
,1/25/2022,2/1/2022,LEPS,Active,1,#55C667FF
,1/25/2022,2/1/2022,20mm Survey  ,Not Active ,4,#ffffff
,1/25/2022,2/1/2022,Spring Kodiak Trawl  ,Active ,1,#55C667FF
,1/25/2022,2/1/2022,Fall Mid-water Trawl , Not Active ,4,#ffffff
,1/25/2022,2/1/2022,Summer Townet Survey ,Not Active ,4,#ffffff
,1/25/2022,2/1/2022,Bay Study  ,Active ,1,#55C667FF
,1/25/2022,2/1/2022, DJFMP- Chipps and Sacramento Trawls ,Active ,1,#55C667FF
,1/25/2022,2/1/2022,DJFMP- Seines  ,Active: sampling San Joaquin Seines (only two sites)  ,2,#FDE725FF
,1/25/2022,2/1/2022, EDSM  ,Active ,1,#55C667FF
,1/25/2022,2/1/2022,EMP   , Active ,1,#55C667FF
,1/25/2022,2/1/2022,Mossdale   ,Active ,1,#55C667FF
,1/25/2022,2/1/2022,USGS Flow monitoring  ,Active  ,1,#55C667FF
,1/25/2022,2/1/2022,Red Bluff Diversion Dam screw trap  ,Active ,1,#55C667FF
,1/25/2022,2/1/2022,Knights Landing screw trap  ,Active ,1,#55C667FF
,1/25/2022,2/1/2022,Tisdale screw trap  ,Active ,1,#55C667FF
,1/25/2022,2/1/2022,GCID screw trap ,Active ,1,#55C667FF
,1/25/2022,2/1/2022,Redd dewatering and stranding surveys  ,Not Active ,4,#ffffff
,1/25/2022,2/1/2022,Sacramento Carcass and Redd Surveys  ,Active,1,#55C667FF
,1/25/2022,2/1/2022,Feather River screw trap  ,Active (weekdays only) ,1,#55C667FF
,1/25/2022,2/1/2022,SJRRP CDFW Field Monitoring   ,Active ,1,#55C667FF
,1/25/2022,2/1/2022,SJRRP USFWS and USBR Field Monitoring,Active ,1,#55C667FF
,1/25/2022,2/1/2022,Stanislaus Fish Weir ,Active ,1,#55C667FF
,2/1/2022,2/8/2022,"SWP regular counts, CWT reading, and larval sampling  ",Active ,1,#55C667FF
,2/1/2022,2/8/2022,"CVP regular counts, CWT reading, and larval sampling  ",Active ,1,#55C667FF
,2/1/2022,2/8/2022,Smelt Larval Survey  ,Active ,1,#55C667FF
,2/1/2022,2/8/2022,LEPS,Active,1,#55C667FF
,2/1/2022,2/8/2022,20mm Survey  ,Not Active ,4,#ffffff
,2/1/2022,2/8/2022,Spring Kodiak Trawl  ,Active ,1,#55C667FF
,2/1/2022,2/8/2022,Fall Mid-water Trawl , Not Active ,4,#ffffff
,2/1/2022,2/8/2022,Summer Townet Survey ,Not Active ,4,#ffffff
,2/1/2022,2/8/2022,Bay Study  ,Active ,1,#55C667FF
,2/1/2022,2/8/2022, DJFMP- Chipps and Sacramento Trawls ,Active ,1,#55C667FF
,2/1/2022,2/8/2022,DJFMP- Seines  ,Active: sampling San Joaquin Seines (only two sites)  ,2,#FDE725FF
,2/1/2022,2/8/2022, EDSM  ,Active ,1,#55C667FF
,2/1/2022,2/8/2022,EMP   , Active ,1,#55C667FF
,2/1/2022,2/8/2022,Mossdale   ,Active ,1,#55C667FF
,2/1/2022,2/8/2022,USGS Flow monitoring  ,Active  ,1,#55C667FF
,2/1/2022,2/8/2022,Red Bluff Diversion Dam screw trap  ,Active ,1,#55C667FF
,2/1/2022,2/8/2022,Knights Landing screw trap  ,Active ,1,#55C667FF
,2/1/2022,2/8/2022,Tisdale screw trap  ,Active ,1,#55C667FF
,2/1/2022,2/8/2022,GCID screw trap ,Active ,1,#55C667FF
,2/1/2022,2/8/2022,Redd dewatering and stranding surveys  ,Not Active ,4,#ffffff
,2/1/2022,2/8/2022,Sacramento Carcass and Redd Surveys  ,Active,1,#55C667FF
,2/1/2022,2/8/2022,Lower Sacramento Rotary Screw Trap,Active,1,#55C667FF
,2/1/2022,2/8/2022,Feather River screw trap  ,Active (weekdays only) ,1,#55C667FF
,2/1/2022,2/8/2022,SJRRP CDFW Field Monitoring   ,Active ,1,#55C667FF
,2/1/2022,2/8/2022,SJRRP USFWS and USBR Field Monitoring,Active ,1,#55C667FF
,2/1/2022,2/8/2022,Stanislaus Fish Weir ,Active ,1,#55C667FF
,2/8/2022,2/15/2022,"SWP regular counts, CWT reading, and larval sampling  ",Active ,1,#55C667FF
,2/8/2022,2/15/2022,"CVP regular counts, CWT reading, and larval sampling  ",Active ,1,#55C667FF
,2/8/2022,2/15/2022,Smelt Larval Survey  ,Active ,1,#55C667FF
,2/8/2022,2/15/2022,LEPS,Active,1,#55C667FF
,2/8/2022,2/15/2022,20mm Survey  ,Not Active ,4,#ffffff
,2/8/2022,2/15/2022,Spring Kodiak Trawl  ,Active ,1,#55C667FF
,2/8/2022,2/15/2022,Fall Mid-water Trawl , Not Active ,4,#ffffff
,2/8/2022,2/15/2022,Summer Townet Survey ,Not Active ,4,#ffffff
,2/8/2022,2/15/2022,Bay Study  ,Active ,1,#55C667FF
,2/8/2022,2/15/2022, DJFMP- Chipps and Sacramento Trawls ,Active ,1,#55C667FF
,2/8/2022,2/15/2022,DJFMP- Seines  ,Active,1,#55C667FF
,2/8/2022,2/15/2022, EDSM  ,"Active (no sampling in South Delta, Cache Slough/Liberty Island and Western Delta)",2,#FDE725FF
,2/8/2022,2/15/2022,EMP   , Active ,1,#55C667FF
,2/8/2022,2/15/2022,Mossdale   ,Active ,1,#55C667FF
,2/8/2022,2/15/2022,USGS Flow monitoring  ,Active  ,1,#55C667FF
,2/8/2022,2/15/2022,Red Bluff Diversion Dam screw trap  ,Active ,1,#55C667FF
,2/8/2022,2/15/2022,Knights Landing screw trap  ,Active ,1,#55C667FF
,2/8/2022,2/15/2022,Tisdale screw trap  ,Active ,1,#55C667FF
,2/8/2022,2/15/2022,GCID screw trap ,Active ,1,#55C667FF
,2/8/2022,2/15/2022,Redd dewatering and stranding surveys  ,Not Active ,4,#ffffff
,2/8/2022,2/15/2022,Sacramento Carcass and Redd Surveys  ,Active,1,#55C667FF
,2/8/2022,2/15/2022,Lower Sacramento Rotary Screw Trap,"Active (cones raised on 2/6, trapping resumed 2/7)",2,#FDE725FF
,2/8/2022,2/15/2022,Feather River screw trap  ,Active (weekdays only) ,1,#55C667FF
,2/8/2022,2/15/2022,SJRRP CDFW Field Monitoring   ,Active ,1,#55C667FF
,2/8/2022,2/15/2022,SJRRP USFWS and USBR Field Monitoring,Active ,1,#55C667FF
,2/8/2022,2/15/2022,Stanislaus Fish Weir ,Active ,1,#55C667FF
,2/15/2022,2/22/2022,"SWP regular counts, CWT reading, and larval sampling  ",Active ,1,#55C667FF
,2/15/2022,2/22/2022,"CVP regular counts, CWT reading, and larval sampling  ",Active ,1,#55C667FF
,2/15/2022,2/22/2022,Smelt Larval Survey  ,Active ,1,#55C667FF
,2/15/2022,2/22/2022,LEPS,Active,1,#55C667FF
,2/15/2022,2/22/2022,20mm Survey  ,Not Active ,4,#ffffff
,2/15/2022,2/22/2022,Spring Kodiak Trawl  ,Active ,1,#55C667FF
,2/15/2022,2/22/2022,Fall Mid-water Trawl , Not Active ,4,#ffffff
,2/15/2022,2/22/2022,Summer Townet Survey ,Not Active ,4,#ffffff
,2/15/2022,2/22/2022,Bay Study  ,Active ,1,#55C667FF
,2/15/2022,2/22/2022, DJFMP- Chipps and Sacramento Trawls ,Active ,1,#55C667FF
,2/15/2022,2/22/2022,DJFMP- Seines  ,Active,1,#55C667FF
,2/15/2022,2/22/2022, EDSM  ,Active ,1,#55C667FF
,2/15/2022,2/22/2022,EMP   , Active ,1,#55C667FF
,2/15/2022,2/22/2022,Mossdale   ,Active ,1,#55C667FF
,2/15/2022,2/22/2022,USGS Flow monitoring  ,Active  ,1,#55C667FF
,2/15/2022,2/22/2022,Red Bluff Diversion Dam screw trap  ,Active ,1,#55C667FF
,2/15/2022,2/22/2022,Knights Landing screw trap  ,Active ,1,#55C667FF
,2/15/2022,2/22/2022,Tisdale screw trap  ,Active ,1,#55C667FF
,2/15/2022,2/22/2022,GCID screw trap ,Active (not active since 2/7),2,#FDE725FF
,2/15/2022,2/22/2022,Redd dewatering and stranding surveys  ,Not Active ,4,#ffffff
,2/15/2022,2/22/2022,Sacramento Carcass and Redd Surveys  ,Active,1,#55C667FF
,2/15/2022,2/22/2022,Lower Sacramento Rotary Screw Trap,"Active (cones raised on 2/6, trapping resumed 2/7)",2,#FDE725FF
,2/15/2022,2/22/2022,Feather River screw trap  ,Active (weekdays only) ,1,#55C667FF
,2/15/2022,2/22/2022,SJRRP CDFW Field Monitoring   ,Active ,1,#55C667FF
,2/15/2022,2/22/2022,SJRRP USFWS and USBR Field Monitoring,Active ,1,#55C667FF
,2/15/2022,2/22/2022,Stanislaus Fish Weir ,Active ,1,#55C667FF
,2/22/2022,3/1/2022,"SWP regular counts, CWT reading, and larval sampling  ",Active ,1,#55C667FF
,2/22/2022,3/1/2022,"CVP regular counts, CWT reading, and larval sampling  ",Active (unplanned outage 2/17-18),1,#55C667FF
,2/22/2022,3/1/2022,Smelt Larval Survey  ,Active ,1,#55C667FF
,2/22/2022,3/1/2022,LEPS,Active,1,#55C667FF
,2/22/2022,3/1/2022,20mm Survey  ,Not Active ,4,#ffffff
,2/22/2022,3/1/2022,Spring Kodiak Trawl  ,Active ,1,#55C667FF
,2/22/2022,3/1/2022,Fall Mid-water Trawl , Not Active ,4,#ffffff
,2/22/2022,3/1/2022,Summer Townet Survey ,Not Active ,4,#ffffff
,2/22/2022,3/1/2022,Bay Study  ,Active ,1,#55C667FF
,2/22/2022,3/1/2022, DJFMP- Chipps and Sacramento Trawls ,Active ,1,#55C667FF
,2/22/2022,3/1/2022,DJFMP- Seines  ,Active,1,#55C667FF
,2/22/2022,3/1/2022, EDSM  ,Active ,1,#55C667FF
,2/22/2022,3/1/2022,EMP   , Active ,1,#55C667FF
,2/22/2022,3/1/2022,Mossdale   ,Active ,1,#55C667FF
,2/22/2022,3/1/2022,USGS Flow monitoring  ,Active  ,1,#55C667FF
,2/22/2022,3/1/2022,Red Bluff Diversion Dam screw trap  ,Active ,1,#55C667FF
,2/22/2022,3/1/2022,Knights Landing screw trap  ,Active ,1,#55C667FF
,2/22/2022,3/1/2022,Tisdale screw trap  ,Active ,1,#55C667FF
,2/22/2022,3/1/2022,GCID screw trap ,Active (not active since 2/7),2,#FDE725FF
,2/22/2022,3/1/2022,Redd dewatering and stranding surveys  ,Not Active ,4,#ffffff
,2/22/2022,3/1/2022,Sacramento Carcass and Redd Surveys  ,Active,1,#55C667FF
,2/22/2022,3/1/2022,Lower Sacramento Rotary Screw Trap,Active ,1,#55C667FF
,2/22/2022,3/1/2022,Feather River screw trap  ,Active (weekdays only) ,1,#55C667FF
,2/22/2022,3/1/2022,SJRRP CDFW Field Monitoring   ,Active ,1,#55C667FF
,2/22/2022,3/1/2022,SJRRP USFWS and USBR Field Monitoring,Active ,1,#55C667FF
,2/22/2022,3/1/2022,Stanislaus Fish Weir ,Active ,1,#55C667FF
,3/1/2022,3/8/2022,"SWP regular counts, CWT reading, and larval sampling  ",Active ,1,#55C667FF
,3/1/2022,3/8/2022,"CVP regular counts, CWT reading, and larval sampling  ",Active (no pumping/salvage on 2/27 from 1800-2400),1,#55C667FF
,3/1/2022,3/8/2022,Smelt Larval Survey  ,Active ,1,#55C667FF
,3/1/2022,3/8/2022,LEPS,Active,1,#55C667FF
,3/1/2022,3/8/2022,20mm Survey  ,Not Active ,4,#ffffff
,3/1/2022,3/8/2022,Spring Kodiak Trawl  ,Active ,1,#55C667FF
,3/1/2022,3/8/2022,Fall Mid-water Trawl , Not Active ,4,#ffffff
,3/1/2022,3/8/2022,Summer Townet Survey ,Not Active ,4,#ffffff
,3/1/2022,3/8/2022,Bay Study  ,Active ,1,#55C667FF
,3/1/2022,3/8/2022, DJFMP- Chipps and Sacramento Trawls ,Active ,1,#55C667FF
,3/1/2022,3/8/2022,DJFMP- Seines  ,Active (no San Joaquin and South Delta seine runs),2,#FDE725FF
,3/1/2022,3/8/2022, EDSM  ,Active ,1,#55C667FF
,3/1/2022,3/8/2022,EMP   , Active ,1,#55C667FF
,3/1/2022,3/8/2022,Mossdale   ,Active ,1,#55C667FF
,3/1/2022,3/8/2022,USGS Flow monitoring  ,Active  ,1,#55C667FF
,3/1/2022,3/8/2022,Red Bluff Diversion Dam screw trap  ,Active ,1,#55C667FF
,3/1/2022,3/8/2022,Knights Landing screw trap  ,Active ,1,#55C667FF
,3/1/2022,3/8/2022,Tisdale screw trap  ,Active ,1,#55C667FF
,3/1/2022,3/8/2022,GCID screw trap ,Active (re-started 2/25/22),1,#55C667FF
,3/1/2022,3/8/2022,Redd dewatering and stranding surveys  ,Not Active ,4,#ffffff
,3/1/2022,3/8/2022,Sacramento Carcass and Redd Surveys  ,Active,1,#55C667FF
,3/1/2022,3/8/2022,Lower Sacramento Rotary Screw Trap,Active ,1,#55C667FF
,3/1/2022,3/8/2022,Feather River screw trap  ,Active (weekdays only) ,1,#55C667FF
,3/1/2022,3/8/2022,SJRRP CDFW Field Monitoring   ,Active ,1,#55C667FF
,3/1/2022,3/8/2022,SJRRP USFWS and USBR Field Monitoring,Active ,1,#55C667FF
,3/1/2022,3/8/2022,Stanislaus Fish Weir ,Active ,1,#55C667FF
,3/8/2022,3/15/2022,"SWP regular counts, CWT reading, and larval sampling  ",Active ,1,#55C667FF
,3/8/2022,3/15/2022,"CVP regular counts, CWT reading, and larval sampling  ",Active ,1,#55C667FF
,3/8/2022,3/15/2022,Smelt Larval Survey  ,Active ,1,#55C667FF
,3/8/2022,3/15/2022,LEPS,Active,1,#55C667FF
,3/8/2022,3/15/2022,20mm Survey  ,Not Active ,4,#ffffff
,3/8/2022,3/15/2022,Spring Kodiak Trawl  ,Active ,1,#55C667FF
,3/8/2022,3/15/2022,Fall Mid-water Trawl , Not Active ,4,#ffffff
,3/8/2022,3/15/2022,Summer Townet Survey ,Not Active ,4,#ffffff
,3/8/2022,3/15/2022,Bay Study  ,Active ,1,#55C667FF
,3/8/2022,3/15/2022, DJFMP- Chipps and Sacramento Trawls ,Active ,1,#55C667FF
,3/8/2022,3/15/2022,DJFMP- Seines  ,Active (no East Bay and South Delta seine runs),2,#FDE725FF
,3/8/2022,3/15/2022, EDSM  ,Active ,1,#55C667FF
,3/8/2022,3/15/2022,EMP   , Active ,1,#55C667FF
,3/8/2022,3/15/2022,Mossdale   ,Active ,1,#55C667FF
,3/8/2022,3/15/2022,USGS Flow monitoring  ,Active  ,1,#55C667FF
,3/8/2022,3/15/2022,Red Bluff Diversion Dam screw trap  ,Active ,1,#55C667FF
,3/8/2022,3/15/2022,Knights Landing screw trap  ,Active ,1,#55C667FF
,3/8/2022,3/15/2022,Tisdale screw trap  ,Active ,1,#55C667FF
,3/8/2022,3/15/2022,GCID screw trap ,Active ,1,#55C667FF
,3/8/2022,3/15/2022,Redd dewatering and stranding surveys  ,Not Active ,4,#ffffff
,3/8/2022,3/15/2022,Sacramento Carcass and Redd Surveys  ,Active,1,#55C667FF
,3/8/2022,3/15/2022,Lower Sacramento Rotary Screw Trap,Active ,1,#55C667FF
,3/8/2022,3/15/2022,Feather River screw trap  ,Active (weekdays only) ,1,#55C667FF
,3/8/2022,3/15/2022,SJRRP CDFW Field Monitoring   ,Active ,1,#55C667FF
,3/8/2022,3/15/2022,SJRRP USFWS and USBR Field Monitoring,Active ,1,#55C667FF
,3/8/2022,3/15/2022,Stanislaus Fish Weir ,Active ,1,#55C667FF
,3/15/2022,3/22/2022,"SWP regular counts, CWT reading, and larval sampling  ",Active ,1,#55C667FF
,3/15/2022,3/22/2022,"CVP regular counts, CWT reading, and larval sampling  ",Active ,1,#55C667FF
,3/15/2022,3/22/2022,Smelt Larval Survey  ,Active ,1,#55C667FF
,3/15/2022,3/22/2022,LEPS,Active,1,#55C667FF
,3/15/2022,3/22/2022,20mm Survey  ,Not Active ,4,#ffffff
,3/15/2022,3/22/2022,Spring Kodiak Trawl  ,Active ,1,#55C667FF
,3/15/2022,3/22/2022,Fall Mid-water Trawl , Not Active ,4,#ffffff
,3/15/2022,3/22/2022,Summer Townet Survey ,Not Active ,4,#ffffff
,3/15/2022,3/22/2022,Bay Study  ,Active ,1,#55C667FF
,3/15/2022,3/22/2022, DJFMP- Chipps and Sacramento Trawls ,Active ,2,#FDE725FF
,3/15/2022,3/22/2022,DJFMP- Seines  ,Active (no   South Delta seine runs),2,#FDE725FF
,3/15/2022,3/22/2022, EDSM  ,Active ,1,#55C667FF
,3/15/2022,3/22/2022,EMP   , Active ,1,#55C667FF
,3/15/2022,3/22/2022,Mossdale   ,Active ,1,#55C667FF
,3/15/2022,3/22/2022,USGS Flow monitoring  ,Active  ,1,#55C667FF
,3/15/2022,3/22/2022,Red Bluff Diversion Dam screw trap  ,Active ,1,#55C667FF
,3/15/2022,3/22/2022,Knights Landing screw trap  ,Active ,1,#55C667FF
,3/15/2022,3/22/2022,Tisdale screw trap  ,Active ,1,#55C667FF
,3/15/2022,3/22/2022,GCID screw trap ,Active ,1,#55C667FF
,3/15/2022,3/22/2022,Redd dewatering and stranding surveys  ,Not Active ,4,#ffffff
,3/15/2022,3/22/2022,Sacramento Carcass and Redd Surveys  ,Active,1,#55C667FF
,3/15/2022,3/22/2022,Lower Sacramento Rotary Screw Trap,Active ,1,#55C667FF
,3/15/2022,3/22/2022,Feather River screw trap  ,Active (weekdays only) ,1,#55C667FF
,3/15/2022,3/22/2022,SJRRP CDFW Field Monitoring   ,Active ,1,#55C667FF
,3/15/2022,3/22/2022,SJRRP USFWS and USBR Field Monitoring,Active ,1,#55C667FF
,3/15/2022,3/22/2022,Stanislaus Fish Weir ,Active ,1,#55C667FF
,3/22/2022,3/29/2022,"SWP regular counts, CWT reading, and larval sampling  ",Active ,1,#55C667FF
,3/22/2022,3/29/2022,"CVP regular counts, CWT reading, and larval sampling  ", Partial Interruption on 3/23,2,#FDE725FF
,3/22/2022,3/29/2022,Smelt Larval Survey  ,Active ,1,#55C667FF
,3/22/2022,3/29/2022,LEPS,Active,1,#55C667FF
,3/22/2022,3/29/2022,20mm Survey  ,Active ,1,#55C667FF
,3/22/2022,3/29/2022,Spring Kodiak Trawl  ,Active ,1,#55C667FF
,3/22/2022,3/29/2022,Fall Mid-water Trawl , Not Active ,4,#ffffff
,3/22/2022,3/29/2022,Summer Townet Survey ,Not Active ,4,#ffffff
,3/22/2022,3/29/2022,Bay Study  ,Active ,1,#55C667FF
,3/22/2022,3/29/2022, DJFMP- Chipps and Sacramento Trawls ,Active ,1,#55C667FF
,3/22/2022,3/29/2022,DJFMP- Seines  ,Active (no   South Delta seine runs),1,#55C667FF
,3/22/2022,3/29/2022, EDSM  ,Active ,1,#55C667FF
,3/22/2022,3/29/2022,EMP   , Active ,1,#55C667FF
,3/22/2022,3/29/2022,Mossdale   ,Active ,1,#55C667FF
,3/22/2022,3/29/2022,USGS Flow monitoring  ,Active  ,1,#55C667FF
,3/22/2022,3/29/2022,Red Bluff Diversion Dam screw trap  ,Active ,1,#55C667FF
,3/22/2022,3/29/2022,Knights Landing screw trap  ,Active ,1,#55C667FF
,3/22/2022,3/29/2022,Tisdale screw trap  ,Active ,1,#55C667FF
,3/22/2022,3/29/2022,GCID screw trap ,Active ,1,#55C667FF
,3/22/2022,3/29/2022,Redd dewatering and stranding surveys  ,Not Active ,4,#ffffff
,3/22/2022,3/29/2022,Sacramento Carcass and Redd Surveys  ,Active,1,#55C667FF
,3/22/2022,3/29/2022,Lower Sacramento Rotary Screw Trap,Active ,1,#55C667FF
,3/22/2022,3/29/2022,Feather River screw trap  ,Active (weekdays only) ,1,#55C667FF
,3/22/2022,3/29/2022,SJRRP CDFW Field Monitoring   ,Active ,1,#55C667FF
,3/22/2022,3/29/2022,SJRRP USFWS and USBR Field Monitoring,Active ,1,#55C667FF
,3/22/2022,3/29/2022,Stanislaus Fish Weir ,Active ,1,#55C667FF
,3/29/2022,4/5/2022,"SWP regular counts, CWT reading, and larval sampling  ",Active ,1,#55C667FF
,3/29/2022,4/5/2022,"CVP regular counts, CWT reading, and larval sampling  ",Active,1,#55C667FF
,3/29/2022,4/5/2022,Smelt Larval Survey  ,Active ,4,#ffffff
,3/29/2022,4/5/2022,LEPS,Active,4,#ffffff
,3/29/2022,4/5/2022,20mm Survey  ,Active ,1,#55C667FF
,3/29/2022,4/5/2022,Spring Kodiak Trawl  ,Active ,1,#55C667FF
,3/29/2022,4/5/2022,Fall Mid-water Trawl , Not Active ,4,#ffffff
,3/29/2022,4/5/2022,Summer Townet Survey ,Not Active ,4,#ffffff
,3/29/2022,4/5/2022,Bay Study  ,Active ,1,#55C667FF
,3/29/2022,4/5/2022, DJFMP- Chipps and Sacramento Trawls ,Active ,1,#55C667FF
,3/29/2022,4/5/2022,DJFMP- Seines  ,Active (no South Delta seine runs),2,#FDE725FF
,3/29/2022,4/5/2022, EDSM  ,Active ,1,#55C667FF
,3/29/2022,4/5/2022,EMP   , Active ,1,#55C667FF
,3/29/2022,4/5/2022,Mossdale   ,Active ,1,#55C667FF
,3/29/2022,4/5/2022,USGS Flow monitoring  ,Active  ,1,#55C667FF
,3/29/2022,4/5/2022,Red Bluff Diversion Dam screw trap  ,Active ,1,#55C667FF
,3/29/2022,4/5/2022,Knights Landing screw trap  ,Active ,1,#55C667FF
,3/29/2022,4/5/2022,Tisdale screw trap  ,Active ,1,#55C667FF
,3/29/2022,4/5/2022,GCID screw trap ,Active ,1,#55C667FF
,3/29/2022,4/5/2022,Redd dewatering and stranding surveys  ,Not Active ,4,#ffffff
,3/29/2022,4/5/2022,Sacramento Carcass and Redd Surveys  ,Active,1,#55C667FF
,3/29/2022,4/5/2022,Lower Sacramento Rotary Screw Trap,Active ,1,#55C667FF
,3/29/2022,4/5/2022,Feather River screw trap  ,Active (weekdays only) ,1,#55C667FF
,3/29/2022,4/5/2022,SJRRP CDFW Field Monitoring   ,Active ,1,#55C667FF
,3/29/2022,4/5/2022,SJRRP USFWS and USBR Field Monitoring,Active ,1,#55C667FF
,3/29/2022,4/5/2022,Stanislaus Fish Weir ,Active ,1,#55C667FF
,4/5/2022,4/12/2022,"SWP regular counts, CWT reading, and larval sampling  ",Active ,1,#55C667FF
,4/5/2022,4/12/2022,"CVP regular counts, CWT reading, and larval sampling  ",Active,1,#55C667FF
,4/5/2022,4/12/2022,Smelt Larval Survey  ,Not Active,4,#ffffff
,4/5/2022,4/12/2022,LEPS,Active,4,#ffffff
,4/5/2022,4/12/2022,20mm Survey  ,Active ,1,#55C667FF
,4/5/2022,4/12/2022,Spring Kodiak Trawl  ,Active ,1,#55C667FF
,4/5/2022,4/12/2022,Fall Mid-water Trawl , Not Active ,4,#ffffff
,4/5/2022,4/12/2022,Summer Townet Survey ,Not Active ,4,#ffffff
,4/5/2022,4/12/2022,Bay Study  ,Active ,1,#55C667FF
,4/5/2022,4/12/2022, DJFMP- Chipps and Sacramento Trawls ,Active ,1,#55C667FF
,4/5/2022,4/12/2022,DJFMP- Seines  ,Active ,1,#55C667FF
,4/5/2022,4/12/2022, EDSM  ,Active ,1,#55C667FF
,4/5/2022,4/12/2022,EMP   , Active ,1,#55C667FF
,4/5/2022,4/12/2022,Mossdale   ,Active ,1,#55C667FF
,4/5/2022,4/12/2022,USGS Flow monitoring  ,Active  ,1,#55C667FF
,4/5/2022,4/12/2022,Red Bluff Diversion Dam screw trap  ,Active ,1,#55C667FF
,4/5/2022,4/12/2022,Knights Landing screw trap  ,Active ,1,#55C667FF
,4/5/2022,4/12/2022,Tisdale screw trap  ,Active ,1,#55C667FF
,4/5/2022,4/12/2022,GCID screw trap ,Active ,1,#55C667FF
,4/5/2022,4/12/2022,Redd dewatering and stranding surveys  ,Not Active ,4,#ffffff
,4/5/2022,4/12/2022,Sacramento Carcass and Redd Surveys  ,Active,1,#55C667FF
,4/5/2022,4/12/2022,Lower Sacramento Rotary Screw Trap,Active ,1,#55C667FF
,4/5/2022,4/12/2022,Feather River screw trap  ,Active (weekdays only) ,1,#55C667FF
,4/5/2022,4/12/2022,SJRRP CDFW Field Monitoring   ,Active ,1,#55C667FF
,4/5/2022,4/12/2022,SJRRP USFWS and USBR Field Monitoring,Active ,1,#55C667FF
,4/5/2022,4/12/2022,Stanislaus Fish Weir ,Active ,1,#55C667FF
,4/12/2022,4/19/2022,"SWP regular counts, CWT reading, and larval sampling  ",Active ,1,#55C667FF
,4/12/2022,4/19/2022,"CVP regular counts, CWT reading, and larval sampling  ",Partial Interruption (Planned outages on 4/13 and 4/14),2,#FDE725FF
,4/12/2022,4/19/2022,Smelt Larval Survey  ,Not Active,4,#ffffff
,4/12/2022,4/19/2022,LEPS,Active,1,#55C667FF
,4/12/2022,4/19/2022,20mm Survey  ,Active ,1,#55C667FF
,4/12/2022,4/19/2022,Spring Kodiak Trawl  ,Active ,1,#55C667FF
,4/12/2022,4/19/2022,Fall Mid-water Trawl , Not Active ,4,#ffffff
,4/12/2022,4/19/2022,Summer Townet Survey ,Not Active ,4,#ffffff
,4/12/2022,4/19/2022,Bay Study  ,Active ,1,#55C667FF
,4/12/2022,4/19/2022, DJFMP- Chipps and Sacramento Trawls ,Active ,1,#55C667FF
,4/12/2022,4/19/2022,DJFMP- Seines  ,Active (no sampling in South Delta from 4/3 -4/9),2,#FDE725FF
,4/12/2022,4/19/2022, EDSM  ,Active ,1,#55C667FF
,4/12/2022,4/19/2022,EMP   , Active ,1,#55C667FF
,4/12/2022,4/19/2022,Mossdale   ,Not active ,4,#ffffff
,4/12/2022,4/19/2022,USGS Flow monitoring  ,Active  ,1,#55C667FF
,4/12/2022,4/19/2022,Red Bluff Diversion Dam screw trap  ,Active ,1,#55C667FF
,4/12/2022,4/19/2022,Knights Landing screw trap  ,Active ,1,#55C667FF
,4/12/2022,4/19/2022,Tisdale screw trap  ,Active ,1,#55C667FF
,4/12/2022,4/19/2022,GCID screw trap ,Active ,1,#55C667FF
,4/12/2022,4/19/2022,Redd dewatering and stranding surveys  ,Not Active ,4,#ffffff
,4/12/2022,4/19/2022,Sacramento Carcass and Redd Surveys  ,Active,1,#55C667FF
,4/12/2022,4/19/2022,Lower Sacramento Rotary Screw Trap,Active ,1,#55C667FF
,4/12/2022,4/19/2022,Feather River screw trap  ,Active (weekdays only) ,1,#55C667FF
,4/12/2022,4/19/2022,SJRRP CDFW Field Monitoring   ,Active ,1,#55C667FF
,4/12/2022,4/19/2022,SJRRP USFWS and USBR Field Monitoring,Active ,1,#55C667FF
,4/12/2022,4/19/2022,Stanislaus Fish Weir ,Active ,1,#55C667FF
,4/19/2022,4/26/2022,"SWP regular counts, CWT reading, and larval sampling",Active,1,#55C667FF
,4/19/2022,4/26/2022,"CVP regular counts, CWT reading, and larval sampling  ",Active,1,#55C667FF
,4/19/2022,4/26/2022,Smelt Larval Survey,Not Active,4,#ffffff
,4/19/2022,4/26/2022,LEPS,Active,1,#55C667FF
,4/19/2022,4/26/2022,20mm Survey,Active,1,#55C667FF
,4/19/2022,4/26/2022,Spring Kodiak Trawl,Active,1,#55C667FF
,4/19/2022,4/26/2022,Fall Mid-water Trawl,Not Active,4,#ffffff
,4/19/2022,4/26/2022,Summer Townet Survey,Not Active,4,#ffffff
,4/19/2022,4/26/2022,Bay Study,Active,1,#55C667FF
,4/19/2022,4/26/2022,DJFMP- Chipps and Sacramento Trawls,Active,1,#55C667FF
,4/19/2022,4/26/2022,DJFMP- Seines,Active,1,#55C667FF
,4/19/2022,4/26/2022,EDSM,Active,1,#55C667FF
,4/19/2022,4/26/2022,EMP,Active,1,#55C667FF
,4/19/2022,4/26/2022,Mossdale,Active,4,#ffffff
,4/19/2022,4/26/2022,USGS Flow monitoring,Active,1,#55C667FF
,4/19/2022,4/26/2022,Red Bluff Diversion Dam screw trap,Active,1,#55C667FF
,4/19/2022,4/26/2022,Knights Landing screw trap,Active,1,#55C667FF
,4/19/2022,4/26/2022,Tisdale screw trap,Active,1,#55C667FF
,4/19/2022,4/26/2022,GCID screw trap,Active,1,#55C667FF
,4/19/2022,4/26/2022,Redd dewatering and stranding surveys,Not Active,4,#ffffff
,4/19/2022,4/26/2022,Sacramento Carcass and Redd Surveys,Active,1,#55C667FF
,4/19/2022,4/26/2022,Lower Sacramento Rotary Screw Trap,Active,1,#55C667FF
,4/19/2022,4/26/2022,Feather River screw trap,Active (weekdays only),1,#55C667FF
,4/19/2022,4/26/2022,SJRRP CDFW Field Monitoring,Active,1,#55C667FF
,4/19/2022,4/26/2022,SJRRP USFWS and USBR Field Monitoring,Active,1,#55C667FF
,4/19/2022,4/26/2022,Stanislaus Fish Weir,Active,1,#55C667FF
,4/26/2022,5/3/2022,"SWP regular counts, CWT reading, and larval sampling",Active,1,#55C667FF
,4/26/2022,5/3/2022,"CVP regular counts, CWT reading, and larval sampling  ",Active,1,#55C667FF
,4/26/2022,5/3/2022,Smelt Larval Survey,Not Active,4,#ffffff
,4/26/2022,5/3/2022,LEPS,Active,1,#55C667FF
,4/26/2022,5/3/2022,20mm Survey,Active,1,#55C667FF
,4/26/2022,5/3/2022,Spring Kodiak Trawl,Active,1,#55C667FF
,4/26/2022,5/3/2022,Fall Mid-water Trawl,Not Active,4,#ffffff
,4/26/2022,5/3/2022,Summer Townet Survey,Not Active,4,#ffffff
,4/26/2022,5/3/2022,Bay Study,Active,1,#55C667FF
,4/26/2022,5/3/2022,DJFMP- Chipps and Sacramento Trawls,Active,1,#55C667FF
,4/26/2022,5/3/2022,DJFMP- Seines,Active (no sampling in South Delta),2,#FDE725FF
,4/26/2022,5/3/2022,EDSM,Active,1,#55C667FF
,4/26/2022,5/3/2022,EMP,Active,1,#55C667FF
,4/26/2022,5/3/2022,Mossdale,Active,1,#55C667FF
,4/26/2022,5/3/2022,USGS Flow monitoring,Active,1,#55C667FF
,4/26/2022,5/3/2022,Red Bluff Diversion Dam screw trap,Active,1,#55C667FF
,4/26/2022,5/3/2022,Knights Landing screw trap,Active,1,#55C667FF
,4/26/2022,5/3/2022,Tisdale screw trap,Active,1,#55C667FF
,4/26/2022,5/3/2022,GCID screw trap,Active,1,#55C667FF
,4/26/2022,5/3/2022,Redd dewatering and stranding surveys,Not Active,4,#ffffff
,4/26/2022,5/3/2022,Sacramento Carcass and Redd Surveys,Active,1,#55C667FF
,4/26/2022,5/3/2022,Lower Sacramento Rotary Screw Trap,Active,1,#55C667FF
,4/26/2022,5/3/2022,Feather River screw trap,Active (weekdays only),1,#55C667FF
,4/26/2022,5/3/2022,SJRRP CDFW Field Monitoring,Active,1,#55C667FF
,4/26/2022,5/3/2022,SJRRP USFWS and USBR Field Monitoring,Active,1,#55C667FF
,4/26/2022,5/3/2022,Stanislaus Fish Weir,Active,1,#55C667FF
,5/3/2022,5/10/2022,"SWP regular counts, CWT reading, and larval sampling",Active,1,#55C667FF
,5/3/2022,5/10/2022,"CVP regular counts, CWT reading, and larval sampling  ",Active,1,#55C667FF
,5/3/2022,5/10/2022,Smelt Larval Survey,Not Active,4,#ffffff
,5/3/2022,5/10/2022,LEPS,Active,1,#55C667FF
,5/3/2022,5/10/2022,20mm Survey,Active,1,#55C667FF
,5/3/2022,5/10/2022,Spring Kodiak Trawl,Active,1,#55C667FF
,5/3/2022,5/10/2022,Fall Mid-water Trawl,Not Active,4,#ffffff
,5/3/2022,5/10/2022,Summer Townet Survey,Not Active,4,#ffffff
,5/3/2022,5/10/2022,Bay Study,Active,1,#55C667FF
,5/3/2022,5/10/2022,DJFMP- Chipps and Sacramento Trawls,Active,1,#55C667FF
,5/3/2022,5/10/2022,DJFMP- Seines,Active,1,#55C667FF
,5/3/2022,5/10/2022,EDSM,Active,1,#55C667FF
,5/3/2022,5/10/2022,EMP,Active,1,#55C667FF
,5/3/2022,5/10/2022,Mossdale,Active,1,#55C667FF
,5/3/2022,5/10/2022,USGS Flow monitoring,Active,1,#55C667FF
,5/3/2022,5/10/2022,Red Bluff Diversion Dam screw trap,Active,1,#55C667FF
,5/3/2022,5/10/2022,Knights Landing screw trap,Active,1,#55C667FF
,5/3/2022,5/10/2022,Tisdale screw trap,Active,1,#55C667FF
,5/3/2022,5/10/2022,GCID screw trap,Active,1,#55C667FF
,5/3/2022,5/10/2022,Redd dewatering and stranding surveys,Not Active,4,#ffffff
,5/3/2022,5/10/2022,Sacramento Carcass and Redd Surveys,Active,1,#55C667FF
,5/3/2022,5/10/2022,Lower Sacramento Rotary Screw Trap,Active,1,#55C667FF
,5/3/2022,5/10/2022,Feather River screw trap,Active (weekdays only),1,#55C667FF
,5/3/2022,5/10/2022,SJRRP CDFW Field Monitoring,Active,1,#55C667FF
,5/3/2022,5/10/2022,SJRRP USFWS and USBR Field Monitoring,Active,1,#55C667FF
,5/3/2022,5/10/2022,Stanislaus Fish Weir,Active,1,#55C667FF
,5/10/2022,5/17/2022,"SWP regular counts, CWT reading, and larval sampling",Active,1,#55C667FF
,5/10/2022,5/17/2022,"CVP regular counts, CWT reading, and larval sampling  ",Active,1,#55C667FF
,5/10/2022,5/17/2022,Smelt Larval Survey,Not Active,4,#ffffff
,5/10/2022,5/17/2022,LEPS,Active,1,#55C667FF
,5/10/2022,5/17/2022,20mm Survey,Active,1,#55C667FF
,5/10/2022,5/17/2022,Spring Kodiak Trawl,Active,1,#55C667FF
,5/10/2022,5/17/2022,Fall Mid-water Trawl,Not Active,4,#ffffff
,5/10/2022,5/17/2022,Summer Townet Survey,Not Active,4,#ffffff
,5/10/2022,5/17/2022,Bay Study,Active,1,#55C667FF
,5/10/2022,5/17/2022,DJFMP- Chipps and Sacramento Trawls,Active,1,#55C667FF
,5/10/2022,5/17/2022,DJFMP- Seines,Active,1,#55C667FF
,5/10/2022,5/17/2022,EDSM,Active,1,#55C667FF
,5/10/2022,5/17/2022,EMP,Active,1,#55C667FF
,5/10/2022,5/17/2022,Mossdale,Active,1,#55C667FF
,5/10/2022,5/17/2022,USGS Flow monitoring,Active,1,#55C667FF
,5/10/2022,5/17/2022,Red Bluff Diversion Dam screw trap,Active,1,#55C667FF
,5/10/2022,5/17/2022,Knights Landing screw trap,Active,1,#55C667FF
,5/10/2022,5/17/2022,Tisdale screw trap,Active,1,#55C667FF
,5/10/2022,5/17/2022,GCID screw trap,Active,1,#55C667FF
,5/10/2022,5/17/2022,Redd dewatering and stranding surveys,Not Active,4,#ffffff
,5/10/2022,5/17/2022,Sacramento Carcass and Redd Surveys,Active,1,#55C667FF
,5/10/2022,5/17/2022,Lower Sacramento Rotary Screw Trap,Active,1,#55C667FF
,5/10/2022,5/17/2022,Feather River screw trap,Active (weekdays only),1,#55C667FF
,5/10/2022,5/17/2022,SJRRP CDFW Field Monitoring,Active,1,#55C667FF
,5/10/2022,5/17/2022,SJRRP USFWS and USBR Field Monitoring,Active,1,#55C667FF
,5/10/2022,5/17/2022,Stanislaus Fish Weir,Active,1,#55C667FF
,5/17/2022,5/24/2022,"SWP regular counts, CWT reading, and larval sampling",Not Active 5/16/22 - 5/20/22,2,#FDE725FF
,5/17/2022,5/24/2022,"CVP regular counts, CWT reading, and larval sampling  ",Active,1,#55C667FF
,5/17/2022,5/24/2022,Smelt Larval Survey,Not Active,4,#ffffff
,5/17/2022,5/24/2022,LEPS,Active,1,#55C667FF
,5/17/2022,5/24/2022,20mm Survey,Active,1,#55C667FF
,5/17/2022,5/24/2022,Spring Kodiak Trawl,Not Active,4,#ffffff
,5/17/2022,5/24/2022,Fall Mid-water Trawl,Not Active,4,#ffffff
,5/17/2022,5/24/2022,Summer Townet Survey,Not Active,4,#ffffff
,5/17/2022,5/24/2022,Bay Study,Active,1,#55C667FF
,5/17/2022,5/24/2022,DJFMP- Chipps and Sacramento Trawls,Active ,1,#55C667FF
,5/17/2022,5/24/2022,DJFMP- Seines,Active ,1,#55C667FF
,5/17/2022,5/24/2022,EDSM,Active ,1,#55C667FF
,5/17/2022,5/24/2022,EMP,Active,1,#55C667FF
,5/17/2022,5/24/2022,Mossdale,Active,4,#ffffff
,5/17/2022,5/24/2022,USGS Flow monitoring,Active,1,#55C667FF
,5/17/2022,5/24/2022,Red Bluff Diversion Dam screw trap,Active,1,#55C667FF
,5/17/2022,5/24/2022,Knights Landing screw trap,Active,1,#55C667FF
,5/17/2022,5/24/2022,Tisdale screw trap,Active (data through 5/13/2022 as of 5/17/2022 meeting),1,#55C667FF
,5/17/2022,5/24/2022,GCID screw trap,Partial Interruption,2,#FDE725FF
,5/17/2022,5/24/2022,Redd dewatering and stranding surveys,Not Active,4,#ffffff
,5/17/2022,5/24/2022,Sacramento Carcass and Redd Surveys,Active,1,#55C667FF
,5/17/2022,5/24/2022,Lower Sacramento Rotary Screw Trap,Active,1,#55C667FF
,5/17/2022,5/24/2022,Feather River screw trap,Active (weekdays only),1,#55C667FF
,5/17/2022,5/24/2022,SJRRP CDFW Field Monitoring,Active,1,#55C667FF
,5/17/2022,5/24/2022,SJRRP USFWS and USBR Field Monitoring,Active,1,#55C667FF
,5/17/2022,5/24/2022,Stanislaus Fish Weir,Active,1,#55C667FF
,5/24/2022,5/31/2022,"SWP regular counts, CWT reading, and larval sampling",Active,1,#55C667FF
,5/24/2022,5/31/2022,"CVP regular counts, CWT reading, and larval sampling  ",Active,1,#55C667FF
,5/24/2022,5/31/2022,Smelt Larval Survey,Not Active,4,#ffffff
,5/24/2022,5/31/2022,LEPS,Not Active (ended May 12),4,#ffffff
,5/24/2022,5/31/2022,20mm Survey,Active,1,#55C667FF
,5/24/2022,5/31/2022,Spring Kodiak Trawl,Not Active,4,#ffffff
,5/24/2022,5/31/2022,Fall Mid-water Trawl,Not Active,4,#ffffff
,5/24/2022,5/31/2022,Summer Townet Survey,Not Active,4,#ffffff
,5/24/2022,5/31/2022,Bay Study,Active,1,#55C667FF
,5/24/2022,5/31/2022,DJFMP- Chipps and Sacramento Trawls,Active (sampling three days/week through Dec),1,#55C667FF
,5/24/2022,5/31/2022,DJFMP- Seines,Partial Interruption (not able to sample in San Joaquin and South Delta),2,#FDE725FF
,5/24/2022,5/31/2022,EDSM,Active ,1,#55C667FF
,5/24/2022,5/31/2022,EMP,Active,1,#55C667FF
,5/24/2022,5/31/2022,Mossdale,Interrupted,3,#453781FF
,5/24/2022,5/31/2022,USGS Flow monitoring,Active,1,#55C667FF
,5/24/2022,5/31/2022,Red Bluff Diversion Dam screw trap,Active,1,#55C667FF
,5/24/2022,5/31/2022,Knights Landing screw trap,Not Active,4,#ffffff
,5/24/2022,5/31/2022,Tisdale screw trap,Not Active,4,#ffffff
,5/24/2022,5/31/2022,GCID screw trap,Active,1,#55C667FF
,5/24/2022,5/31/2022,Redd dewatering and stranding surveys,Not Active,4,#ffffff
,5/24/2022,5/31/2022,Sacramento Carcass and Redd Surveys,Active,1,#55C667FF
,5/24/2022,5/31/2022,Lower Sacramento Rotary Screw Trap,Active,1,#55C667FF
,5/24/2022,5/31/2022,Feather River (upper DWR),Active,1,#55C667FF
,5/24/2022,5/31/2022,Feather River (lower CDFW),Active,1,#55C667FF
,5/24/2022,5/31/2022,SJRRP CDFW Field Monitoring,Active,1,#55C667FF
,5/24/2022,5/31/2022,SJRRP USFWS and USBR Field Monitoring,Active,1,#55C667FF
,5/24/2022,5/31/2022,Stanislaus Fish Weir,Active,1,#55C667FF
,5/31/2022,6/7/2022,"SWP regular counts, CWT reading, and larval sampling",Active,1,#55C667FF
,5/31/2022,6/7/2022,"CVP regular counts, CWT reading, and larval sampling  ",Active,1,#55C667FF
,5/31/2022,6/7/2022,Smelt Larval Survey,Not Active,4,#ffffff
,5/31/2022,6/7/2022,LEPS,Not Active (ended May 12),4,#ffffff
,5/31/2022,6/7/2022,20mm Survey,Active,1,#55C667FF
,5/31/2022,6/7/2022,Spring Kodiak Trawl,Not Active,4,#ffffff
,5/31/2022,6/7/2022,Fall Mid-water Trawl,Not Active,4,#ffffff
,5/31/2022,6/7/2022,Summer Townet Survey,Not Active,4,#ffffff
,5/31/2022,6/7/2022,Bay Study,Active,1,#55C667FF
,5/31/2022,6/7/2022,DJFMP- Chipps and Sacramento Trawls,Active (sampling three days/week through Dec),1,#55C667FF
,5/31/2022,6/7/2022,DJFMP- Seines,Partial Interruption (not able to sample in South Delta),2,#FDE725FF
,5/31/2022,6/7/2022,EDSM,Active ,1,#55C667FF
,5/31/2022,6/7/2022,EMP,Active,1,#55C667FF
,5/31/2022,6/7/2022,Mossdale,Active,1,#55C667FF
,5/31/2022,6/7/2022,USGS Flow monitoring,Active,1,#55C667FF
,5/31/2022,6/7/2022,Red Bluff Diversion Dam screw trap,Active,1,#55C667FF
,5/31/2022,6/7/2022,Knights Landing screw trap,Not Active,4,#ffffff
,5/31/2022,6/7/2022,Tisdale screw trap,Not Active,4,#ffffff
,5/31/2022,6/7/2022,GCID screw trap,Partial interruption (traps were removed from 5/24-5/26),2,#FDE725FF
,5/31/2022,6/7/2022,Redd dewatering and stranding surveys,Not Active,4,#ffffff
,5/31/2022,6/7/2022,Sacramento Carcass and Redd Surveys,Active,1,#55C667FF
,5/31/2022,6/7/2022,Lower Sacramento Rotary Screw Trap,Partial interruption (pulled from 5/26 through 5/28),2,#FDE725FF
,5/31/2022,6/7/2022,Feather River (upper DWR),"Partial interruption (Herringer is interrupted, trapping continues at Eye side channel)",2,#FDE725FF
,5/31/2022,6/7/2022,Feather River (lower CDFW),Active,1,#55C667FF
,5/31/2022,6/7/2022,SJRRP CDFW Field Monitoring,Active,1,#55C667FF
,5/31/2022,6/7/2022,SJRRP USFWS and USBR Field Monitoring,Active,1,#55C667FF
,5/31/2022,6/7/2022,Stanislaus Fish Weir,Active,1,#55C667FF
,6/7/2022,6/14/2022,"SWP regular counts, CWT reading, and larval sampling",Active,1,#55C667FF
,6/7/2022,6/14/2022,"CVP regular counts, CWT reading, and larval sampling  ",Active,1,#55C667FF
,6/7/2022,6/14/2022,Smelt Larval Survey,Not Active,4,#ffffff
,6/7/2022,6/14/2022,LEPS,Not Active (ended May 12),4,#ffffff
,6/7/2022,6/14/2022,20mm Survey,Active,1,#55C667FF
,6/7/2022,6/14/2022,Spring Kodiak Trawl,Not Active,4,#ffffff
,6/7/2022,6/14/2022,Fall Mid-water Trawl,Not Active,4,#ffffff
,6/7/2022,6/14/2022,Summer Townet Survey,Active,1,#55C667FF
,6/7/2022,6/14/2022,Bay Study,Active,1,#55C667FF
,6/7/2022,6/14/2022,DJFMP- Chipps and Sacramento Trawls,Active (sampling three days/week through Dec),1,#55C667FF
,6/7/2022,6/14/2022,DJFMP- Seines,Active,1,#55C667FF
,6/7/2022,6/14/2022,EDSM,Partial Interruption (no sites were sampled at Suisun Marsh and Lower San Joaquin,2,#FDE725FF
,6/7/2022,6/14/2022,EMP,Active,1,#55C667FF
,6/7/2022,6/14/2022,Mossdale,Active,1,#55C667FF
,6/7/2022,6/14/2022,USGS Flow monitoring,Active,1,#55C667FF
,6/7/2022,6/14/2022,Red Bluff Diversion Dam screw trap,Active,1,#55C667FF
,6/7/2022,6/14/2022,Knights Landing screw trap,Not Active,4,#ffffff
,6/7/2022,6/14/2022,Tisdale screw trap,Not Active,4,#ffffff
,6/7/2022,6/14/2022,GCID screw trap,Active (Trap was inactive on n 6/03),1,#55C667FF
,6/7/2022,6/14/2022,Redd dewatering and stranding surveys,Not Active,4,#ffffff
,6/7/2022,6/14/2022,Sacramento Carcass and Redd Surveys,Active,1,#55C667FF
,6/7/2022,6/14/2022,Lower Sacramento Rotary Screw Trap,Partial interruption (pulled from 6/02 through 6/04),2,#FDE725FF
,6/7/2022,6/14/2022,Feather River (upper DWR),"Partial interruption (Herringer is interrupted,  trapping continues at Eye side channel with missing data from 6/03-6/04 and 6/06)",2,#FDE725FF
,6/7/2022,6/14/2022,Feather River (lower CDFW),Active,1,#55C667FF
,6/7/2022,6/14/2022,SJRRP CDFW Field Monitoring,Active,1,#55C667FF
,6/7/2022,6/14/2022,SJRRP USFWS and USBR Field Monitoring,Not Active,4,#ffffff
,6/7/2022,6/14/2022,Stanislaus Fish Weir,Active,1,#55C667FF
,6/14/2022,6/21/2022,"SWP regular counts, CWT reading, and larval sampling",Active,1,#55C667FF
,6/14/2022,6/21/2022,"CVP regular counts, CWT reading, and larval sampling  ",Active,1,#55C667FF
,6/14/2022,6/21/2022,Smelt Larval Survey,Not Active,4,#ffffff
,6/14/2022,6/21/2022,LEPS,Not Active (ended May 12),4,#ffffff
,6/14/2022,6/21/2022,20mm Survey,Active,1,#55C667FF
,6/14/2022,6/21/2022,Spring Kodiak Trawl,Not Active,4,#ffffff
,6/14/2022,6/21/2022,Fall Mid-water Trawl,Not Active,4,#ffffff
,6/14/2022,6/21/2022,Summer Townet Survey,Active,1,#55C667FF
,6/14/2022,6/21/2022,Bay Study,Active,1,#55C667FF
,6/14/2022,6/21/2022,DJFMP- Chipps and Sacramento Trawls,Active (sampling three days/week through Dec),1,#55C667FF
,6/14/2022,6/21/2022,DJFMP- Seines,Active,1,#55C667FF
,6/14/2022,6/21/2022,EDSM,Active,1,#55C667FF
,6/14/2022,6/21/2022,EMP,Active,1,#55C667FF
,6/14/2022,6/21/2022,Mossdale,Active,1,#55C667FF
,6/14/2022,6/21/2022,USGS Flow monitoring,Active,1,#55C667FF
,6/14/2022,6/21/2022,Red Bluff Diversion Dam screw trap,Active,1,#55C667FF
,6/14/2022,6/21/2022,Knights Landing screw trap,Not Active,4,#ffffff
,6/14/2022,6/21/2022,Tisdale screw trap,Not Active,4,#ffffff
,6/14/2022,6/21/2022,GCID screw trap,Active (Trap was inactive on n 6/08-6/10),1,#55C667FF
,6/14/2022,6/21/2022,Redd dewatering and stranding surveys,Not Active,4,#ffffff
,6/14/2022,6/21/2022,Sacramento Carcass and Redd Surveys,Active,1,#55C667FF
,6/14/2022,6/21/2022,Lower Sacramento Rotary Screw Trap,Not Active,4,#ffffff
,6/14/2022,6/21/2022,Feather River (upper DWR),"Partial interruption (Herringer is interrupted, trapping continues at Eye side channel with missing data from 6/03-6/04 and 6/06)",2,#FDE725FF
,6/14/2022,6/21/2022,Feather River (lower CDFW),Active,1,#55C667FF
,6/14/2022,6/21/2022,SJRRP CDFW Field Monitoring,Active,1,#55C667FF
,6/14/2022,6/21/2022,SJRRP USFWS and USBR Field Monitoring,Not Active,4,#ffffff
,6/14/2022,6/21/2022,Stanislaus Fish Weir,Active,1,#55C667FF
,6/21/2022,6/28/2022,"SWP regular counts, CWT reading, and larval sampling",Active,1,#55C667FF
,6/21/2022,6/28/2022,"CVP regular counts, CWT reading, and larval sampling  ",Active,1,#55C667FF
,6/21/2022,6/28/2022,Smelt Larval Survey,Not Active,4,#ffffff
,6/21/2022,6/28/2022,LEPS,Not Active (ended May 12),4,#ffffff
,6/21/2022,6/28/2022,20mm Survey,Active,1,#55C667FF
,6/21/2022,6/28/2022,Spring Kodiak Trawl,Not Active,4,#ffffff
,6/21/2022,6/28/2022,Fall Mid-water Trawl,Not Active,4,#ffffff
,6/21/2022,6/28/2022,Summer Townet Survey,Active,1,#55C667FF
,6/21/2022,6/28/2022,Bay Study,Active,1,#55C667FF
,6/21/2022,6/28/2022,DJFMP- Chipps and Sacramento Trawls,Active (sampling three days/week through Dec),1,#55C667FF
,6/21/2022,6/28/2022,DJFMP- Seines,Active,1,#55C667FF
,6/21/2022,6/28/2022,EDSM,Active,1,#55C667FF
,6/21/2022,6/28/2022,EMP,Active,1,#55C667FF
,6/21/2022,6/28/2022,Mossdale,Active,1,#55C667FF
,6/21/2022,6/28/2022,USGS Flow monitoring,Active,1,#55C667FF
,6/21/2022,6/28/2022,Red Bluff Diversion Dam screw trap,Active,1,#55C667FF
,6/21/2022,6/28/2022,Knights Landing screw trap,Not Active,4,#ffffff
,6/21/2022,6/28/2022,Tisdale screw trap,Not Active,4,#ffffff
,6/21/2022,6/28/2022,GCID screw trap,Active (Trap was inactive on n 6/08-6/10),1,#55C667FF
,6/21/2022,6/28/2022,Redd dewatering and stranding surveys,Not Active,4,#ffffff
,6/21/2022,6/28/2022,Sacramento Carcass and Redd Surveys,Active,1,#55C667FF
,6/21/2022,6/28/2022,Lower Sacramento Rotary Screw Trap,Not Active,4,#ffffff
,6/21/2022,6/28/2022,Feather River (upper DWR),"Partial interruption (Herringer is interrupted, trapping continues at Eye side channel.",2,#FDE725FF
,6/21/2022,6/28/2022,Feather River (lower CDFW),Active,1,#55C667FF
,6/21/2022,6/28/2022,SJRRP CDFW Field Monitoring,Active,1,#55C667FF
,6/21/2022,6/28/2022,SJRRP USFWS and USBR Field Monitoring,Not Active,4,#ffffff
,6/21/2022,6/28/2022,Stanislaus Fish Weir,Active,1,#55C667FF
,6/28/2022,7/5/2022,"SWP regular counts, CWT reading, and larval sampling",Active,1,#55C667FF
,6/28/2022,7/5/2022,"CVP regular counts, CWT reading, and larval sampling  ",Active,1,#55C667FF
,6/28/2022,7/5/2022,Smelt Larval Survey,Not Active,4,#ffffff
,6/28/2022,7/5/2022,LEPS,Not Active (ended May 12),4,#ffffff
,6/28/2022,7/5/2022,20mm Survey,Active,1,#55C667FF
,6/28/2022,7/5/2022,Spring Kodiak Trawl,Not Active,4,#ffffff
,6/28/2022,7/5/2022,Fall Mid-water Trawl,Not Active,4,#ffffff
,6/28/2022,7/5/2022,Summer Townet Survey,Active,1,#55C667FF
,6/28/2022,7/5/2022,Bay Study,Active,1,#55C667FF
,6/28/2022,7/5/2022,DJFMP- Chipps and Sacramento Trawls,Active (sampling three days/week through Dec),1,#55C667FF
,6/28/2022,7/5/2022,DJFMP- Seines,Active,1,#55C667FF
,6/28/2022,7/5/2022,EDSM,Active,1,#55C667FF
,6/28/2022,7/5/2022,EMP,Active,1,#55C667FF
,6/28/2022,7/5/2022,Mossdale,Active,1,#55C667FF
,6/28/2022,7/5/2022,USGS Flow monitoring,Active,1,#55C667FF
,6/28/2022,7/5/2022,Red Bluff Diversion Dam screw trap,Active,1,#55C667FF
,6/28/2022,7/5/2022,Knights Landing screw trap,Not Active,4,#ffffff
,6/28/2022,7/5/2022,Tisdale screw trap,Not Active,4,#ffffff
,6/28/2022,7/5/2022,GCID screw trap,Active (Trap was inactive on n 6/08-6/10),1,#55C667FF
,6/28/2022,7/5/2022,Redd dewatering and stranding surveys,Not Active,4,#ffffff
,6/28/2022,7/5/2022,Sacramento Carcass and Redd Surveys,Active,1,#55C667FF
,6/28/2022,7/5/2022,Lower Sacramento Rotary Screw Trap,Not Active,4,#ffffff
,6/28/2022,7/5/2022,Feather River (upper DWR),"Partial interruption (Herringer is interrupted, trapping continues at Eye side channel.",2,#FDE725FF
,6/28/2022,7/5/2022,Feather River (lower CDFW),Active,1,#55C667FF
,6/28/2022,7/5/2022,SJRRP CDFW Field Monitoring,Active,1,#55C667FF
,6/28/2022,7/5/2022,SJRRP USFWS and USBR Field Monitoring,Not Active,4,#ffffff
,6/28/2022,7/5/2022,Stanislaus Fish Weir,Active,1,#55C667FF
