event,start,end,group,notes,category
,2022-10-04,2022-10-11,"SWP regular counts, CWT reading",Active,1
,2022-10-04,2022-10-11,SWP larval sampling,Not Active,4
,2022-10-04,2022-10-11,"CVP regular counts, CWT reading",Active,1
,2022-10-04,2022-10-11,CVP larval sampling,Not Active,4
,2022-10-04,2022-10-11,Smelt Larval Survey,Not Active,4
,2022-10-04,2022-10-11,LEPS,Not Active,4
,2022-10-04,2022-10-11,20mm Survey,Not Active,4
,2022-10-04,2022-10-11,Spring Kodiak Trawl,Not Active,4
,2022-10-04,2022-10-11,Fall Mid-water Trawl,Active,1
,2022-10-04,2022-10-11,Summer Townet Survey,Not Active,4
,2022-10-04,2022-10-11,Bay Study,Active,1
,2022-10-04,2022-10-11,DJFMP- Chipps and Sacramento Trawls,Active (sampling four days a week starting in February),1
,2022-10-04,2022-10-11,DJFMP- Seines,Active,1
,2022-10-04,2022-10-11,EDSM,Active,1
,2022-10-04,2022-10-11,EMP,Active,1
,2022-10-04,2022-10-11,Mossdale,Active,1
,2022-10-04,2022-10-11,USGS Flow monitoring,Active,1
,2022-10-04,2022-10-11,Red Bluff Diversion Dam screw trap,Active,1
,2022-10-04,2022-10-11,Knights Landing screw trap,Not Active,4
,2022-10-04,2022-10-11,Tisdale screw trap,Active,1
,2022-10-04,2022-10-11,GCID screw trap,Not Active,4
,2022-10-04,2022-10-11,Yuba River (Hallwood) screw trap,Not Active,4
,2022-10-04,2022-10-11,Redd dewatering and stranding surveys,Not Active,4
,2022-10-04,2022-10-11,Sacramento Carcass and Redd Surveys,Active,1
,2022-10-04,2022-10-11,Lower Sacramento Rotary Screw Trap,Not Active,4
,2022-10-04,2022-10-11,Feather River (upper DWR),Not Active,4
,2022-10-04,2022-10-11,Feather River (lower CDFW),Not Active,4
,2022-10-04,2022-10-11,SJRRP CDFW Field Monitoring,Active,1
,2022-10-04,2022-10-11,SJRRP USFWS and USBR Field Monitoring,Not Active,4
,2022-10-04,2022-10-11,Stanislaus Fish Weir,Active,1
,2022-10-11,2022-10-18,"SWP regular counts, CWT reading",Active,1
,2022-10-11,2022-10-18,SWP larval sampling,Not Active,4
,2022-10-11,2022-10-18,"CVP regular counts, CWT reading",Active,1
,2022-10-11,2022-10-18,CVP larval sampling,Not Active,4
,2022-10-11,2022-10-18,Smelt Larval Survey,Not Active,4
,2022-10-11,2022-10-18,LEPS,Not Active,4
,2022-10-11,2022-10-18,20mm Survey,Not Active,4
,2022-10-11,2022-10-18,Spring Kodiak Trawl,Not Active,4
,2022-10-11,2022-10-18,Fall Mid-water Trawl,Active,1
,2022-10-11,2022-10-18,Summer Townet Survey,Not Active,4
,2022-10-11,2022-10-18,Bay Study,Active,1
,2022-10-11,2022-10-18,DJFMP- Chipps and Sacramento Trawls,Active (sampling four days a week starting in February),1
,2022-10-11,2022-10-18,DJFMP- Seines,Active,1
,2022-10-11,2022-10-18,EDSM,Active,1
,2022-10-11,2022-10-18,EMP,Active,1
,2022-10-11,2022-10-18,Mossdale,Active,1
,2022-10-11,2022-10-18,USGS Flow monitoring,Active,1
,2022-10-11,2022-10-18,Red Bluff Diversion Dam screw trap,Active,1
,2022-10-11,2022-10-18,Knights Landing screw trap,Not Active,4
,2022-10-11,2022-10-18,Tisdale screw trap,Active,1
,2022-10-11,2022-10-18,GCID screw trap,Not Active,4
,2022-10-11,2022-10-18,Yuba River (Hallwood) screw trap,Not Active,4
,2022-10-11,2022-10-18,Redd dewatering and stranding surveys,Not Active,4
,2022-10-11,2022-10-18,Sacramento Carcass and Redd Surveys,Active,1
,2022-10-11,2022-10-18,Lower Sacramento Rotary Screw Trap,Active,1
,2022-10-11,2022-10-18,Feather River (upper DWR),Not Active,4
,2022-10-11,2022-10-18,Feather River (lower CDFW),Not Active,4
,2022-10-11,2022-10-18,SJRRP CDFW Field Monitoring,Active,1
,2022-10-11,2022-10-18,SJRRP USFWS and USBR Field Monitoring,Not Active,4
,2022-10-11,2022-10-18,Stanislaus Fish Weir,Active,1
,2022-10-18,2022-10-25,"SWP regular counts, CWT reading",Active,1
,2022-10-18,2022-10-25,SWP larval sampling,Not Active,4
,2022-10-18,2022-10-25,"CVP regular counts, CWT reading",Active,1
,2022-10-18,2022-10-25,CVP larval sampling,Not Active,4
,2022-10-18,2022-10-25,Smelt Larval Survey,Not Active,4
,2022-10-18,2022-10-25,LEPS,Not Active,4
,2022-10-18,2022-10-25,20mm Survey,Not Active,4
,2022-10-18,2022-10-25,Spring Kodiak Trawl,Not Active,4
,2022-10-18,2022-10-25,Fall Mid-water Trawl,Active,1
,2022-10-18,2022-10-25,Summer Townet Survey,Not Active,4
,2022-10-18,2022-10-25,Bay Study,Active,1
,2022-10-18,2022-10-25,DJFMP- Chipps and Sacramento Trawls,Active (sampling four days a week starting in February),1
,2022-10-18,2022-10-25,DJFMP- Seines,Active,1
,2022-10-18,2022-10-25,EDSM,Active,1
,2022-10-18,2022-10-25,EMP,Active,1
,2022-10-18,2022-10-25,Mossdale,Active,1
,2022-10-18,2022-10-25,USGS Flow monitoring,Active,1
,2022-10-18,2022-10-25,Red Bluff Diversion Dam screw trap,Active,1
,2022-10-18,2022-10-25,Knights Landing screw trap,Active,1
,2022-10-18,2022-10-25,Tisdale screw trap,Active,1
,2022-10-18,2022-10-25,GCID screw trap,Active,1
,2022-10-18,2022-10-25,Yuba River (Hallwood) screw trap,Not Active,4
,2022-10-18,2022-10-25,Redd dewatering and stranding surveys,Not Active,4
,2022-10-18,2022-10-25,Sacramento Carcass and Redd Surveys,Active,1
,2022-10-18,2022-10-25,Lower Sacramento Rotary Screw Trap,Active,1
,2022-10-18,2022-10-25,Feather River (upper DWR),Not Active,4
,2022-10-18,2022-10-25,Feather River (lower CDFW),Active,1
,2022-10-18,2022-10-25,SJRRP CDFW Field Monitoring,Active,1
,2022-10-18,2022-10-25,SJRRP USFWS and USBR Field Monitoring,Not Active,4
,2022-10-18,2022-10-25,Stanislaus Fish Weir,Active,1
,2022-10-25,2022-11-01,"SWP regular counts, CWT reading","Active – No sampling on the weekdays, back online Saturday 10/29/22",2
,2022-10-25,2022-11-01,SWP larval sampling,Not Active,4
,2022-10-25,2022-11-01,"CVP regular counts, CWT reading",Active,1
,2022-10-25,2022-11-01,CVP larval sampling,Not Active,4
,2022-10-25,2022-11-01,Smelt Larval Survey,Not Active,4
,2022-10-25,2022-11-01,LEPS,Not Active,4
,2022-10-25,2022-11-01,20mm Survey,Not Active,4
,2022-10-25,2022-11-01,Spring Kodiak Trawl,Not Active,4
,2022-10-25,2022-11-01,Fall Mid-water Trawl,Active,1
,2022-10-25,2022-11-01,Summer Townet Survey,Not Active,4
,2022-10-25,2022-11-01,Bay Study,Active,1
,2022-10-25,2022-11-01,DJFMP- Chipps and Sacramento Trawls,Active (sampling four days a week starting in February),1
,2022-10-25,2022-11-01,DJFMP- Seines,Active,1
,2022-10-25,2022-11-01,EDSM,Active,1
,2022-10-25,2022-11-01,EMP,Active,1
,2022-10-25,2022-11-01,Mossdale,Active,1
,2022-10-25,2022-11-01,USGS Flow monitoring,Active,1
,2022-10-25,2022-11-01,Red Bluff Diversion Dam screw trap,Active,1
,2022-10-25,2022-11-01,Knights Landing screw trap,Active,1
,2022-10-25,2022-11-01,Tisdale screw trap,Active,1
,2022-10-25,2022-11-01,GCID screw trap,Active,1
,2022-10-25,2022-11-01,Yuba River (Hallwood) screw trap,Active – weekdays only,1
,2022-10-25,2022-11-01,Redd dewatering and stranding surveys,Not Active,4
,2022-10-25,2022-11-01,Sacramento Carcass and Redd Surveys,Active,1
,2022-10-25,2022-11-01,Lower Sacramento Rotary Screw Trap,Active,1
,2022-10-25,2022-11-01,Feather River (upper DWR),Not Active,4
,2022-10-25,2022-11-01,Feather River (lower CDFW),Active,1
,2022-10-25,2022-11-01,SJRRP CDFW Field Monitoring,Active,1
,2022-10-25,2022-11-01,SJRRP USFWS and USBR Field Monitoring,Not Active,4
,2022-10-25,2022-11-01,Stanislaus Fish Weir,Active,1
,2022-11-01,2022-11-08,"SWP regular counts, CWT reading",Active,1
,2022-11-01,2022-11-08,SWP larval sampling,Not Active,4
,2022-11-01,2022-11-08,"CVP regular counts, CWT reading",Active,1
,2022-11-01,2022-11-08,CVP larval sampling,Not Active,4
,2022-11-01,2022-11-08,Smelt Larval Survey,Not Active,4
,2022-11-01,2022-11-08,LEPS,Not Active,4
,2022-11-01,2022-11-08,20mm Survey,Not Active,4
,2022-11-01,2022-11-08,Spring Kodiak Trawl,Not Active,4
,2022-11-01,2022-11-08,Fall Mid-water Trawl,Active,1
,2022-11-01,2022-11-08,Summer Townet Survey,Not Active,4
,2022-11-01,2022-11-08,Bay Study,Active,1
,2022-11-01,2022-11-08,DJFMP- Chipps and Sacramento Trawls,Active (sampling four days a week starting in February),1
,2022-11-01,2022-11-08,DJFMP- Seines,Active,1
,2022-11-01,2022-11-08,EDSM,Active,1
,2022-11-01,2022-11-08,EMP,Active,1
,2022-11-01,2022-11-08,Mossdale,Active,1
,2022-11-01,2022-11-08,USGS Flow monitoring,Active,1
,2022-11-01,2022-11-08,Red Bluff Diversion Dam screw trap,Active,1
,2022-11-01,2022-11-08,Knights Landing screw trap,Active,1
,2022-11-01,2022-11-08,Tisdale screw trap,Active,1
,2022-11-01,2022-11-08,GCID screw trap,Active,1
,2022-11-01,2022-11-08,Yuba River (Hallwood) screw trap,Active – weekdays only,1
,2022-11-01,2022-11-08,Redd dewatering and stranding surveys,Not Active,4
,2022-11-01,2022-11-08,Sacramento Carcass and Redd Surveys,Active,1
,2022-11-01,2022-11-08,Lower Sacramento Rotary Screw Trap,Active,1
,2022-11-01,2022-11-08,Feather River (upper DWR),Not Active,4
,2022-11-01,2022-11-08,Feather River (lower CDFW),Active,1
,2022-11-01,2022-11-08,SJRRP CDFW Field Monitoring,Active,1
,2022-11-01,2022-11-08,SJRRP USFWS and USBR Field Monitoring,Not Active,4
,2022-11-01,2022-11-08,Stanislaus Fish Weir,Active,1
,2022-11-08,2022-11-15,"SWP regular counts, CWT reading",Active,1
,2022-11-08,2022-11-15,SWP larval sampling,Not Active,4
,2022-11-08,2022-11-15,"CVP regular counts, CWT reading",Active,1
,2022-11-08,2022-11-15,CVP larval sampling,Not Active,4
,2022-11-08,2022-11-15,Smelt Larval Survey,Not Active,4
,2022-11-08,2022-11-15,LEPS,Not Active,4
,2022-11-08,2022-11-15,20mm Survey,Not Active,4
,2022-11-08,2022-11-15,Spring Kodiak Trawl,Not Active,4
,2022-11-08,2022-11-15,Fall Mid-water Trawl,Active,1
,2022-11-08,2022-11-15,Summer Townet Survey,Not Active,4
,2022-11-08,2022-11-15,Bay Study,Active,1
,2022-11-08,2022-11-15,DJFMP- Chipps and Sacramento Trawls,Active (sampling three days a week starting in May),1
,2022-11-08,2022-11-15,DJFMP- Seines,Active,1
,2022-11-08,2022-11-15,EDSM,Active,1
,2022-11-08,2022-11-15,EMP,Active,1
,2022-11-08,2022-11-15,Mossdale,Active,1
,2022-11-08,2022-11-15,USGS Flow monitoring,Active,1
,2022-11-08,2022-11-15,Red Bluff Diversion Dam screw trap,Active,1
,2022-11-08,2022-11-15,Knights Landing screw trap,Not Active (due to heavy debris),4
,2022-11-08,2022-11-15,Tisdale screw trap,Active,1
,2022-11-08,2022-11-15,GCID screw trap,Active,1
,2022-11-08,2022-11-15,Yuba River (Hallwood) screw trap,Active – weekdays only,1
,2022-11-08,2022-11-15,Redd dewatering and stranding surveys,Not Active,4
,2022-11-08,2022-11-15,Sacramento Carcass and Redd Surveys,Active,1
,2022-11-08,2022-11-15,Lower Sacramento Rotary Screw Trap,Active,1
,2022-11-08,2022-11-15,Feather River (upper DWR),Not Active,4
,2022-11-08,2022-11-15,Feather River (lower CDFW),Active,1
,2022-11-08,2022-11-15,SJRRP CDFW Field Monitoring,Active,1
,2022-11-08,2022-11-15,SJRRP USFWS and USBR Field Monitoring,Active (until 11/17/22),1
,2022-11-08,2022-11-15,Stanislaus Fish Weir,Active,1
,2022-11-15,2022-11-22,"SWP regular counts, CWT reading",Active,1
,2022-11-15,2022-11-22,SWP larval sampling,Not Active,4
,2022-11-15,2022-11-22,"CVP regular counts, CWT reading",Active (with an outage on 11/10),2
,2022-11-15,2022-11-22,CVP larval sampling,Not Active,4
,2022-11-15,2022-11-22,Smelt Larval Survey,Not Active,4
,2022-11-15,2022-11-22,LEPS,Not Active,4
,2022-11-15,2022-11-22,20mm Survey,Not Active,4
,2022-11-15,2022-11-22,Spring Kodiak Trawl,Not Active,4
,2022-11-15,2022-11-22,Fall Mid-water Trawl,Active,1
,2022-11-15,2022-11-22,Summer Townet Survey,Not Active,4
,2022-11-15,2022-11-22,Bay Study,Active,1
,2022-11-15,2022-11-22,DJFMP- Chipps and Sacramento Trawls,Active (sampling three days a week starting in May),1
,2022-11-15,2022-11-22,DJFMP- Seines,Active,1
,2022-11-15,2022-11-22,EDSM,Active,1
,2022-11-15,2022-11-22,EMP,Active,1
,2022-11-15,2022-11-22,Mossdale,Active,1
,2022-11-15,2022-11-22,USGS Flow monitoring,Active,1
,2022-11-15,2022-11-22,Red Bluff Diversion Dam screw trap,Active,1
,2022-11-15,2022-11-22,Knights Landing screw trap,Not Active (due to heavy debris),4
,2022-11-15,2022-11-22,Tisdale screw trap,Active,1
,2022-11-15,2022-11-22,GCID screw trap,Active,1
,2022-11-15,2022-11-22,Yuba River (Hallwood) screw trap,Active – weekdays only,1
,2022-11-15,2022-11-22,Redd dewatering and stranding surveys,Not Active,4
,2022-11-15,2022-11-22,Sacramento Carcass and Redd Surveys,Active,1
,2022-11-15,2022-11-22,Lower Sacramento Rotary Screw Trap,Active (Inactive from 11/9- 11/13),2
,2022-11-15,2022-11-22,Feather River (upper DWR),Active (Eye side only),1
,2022-11-15,2022-11-22,Feather River (lower CDFW),Active,1
,2022-11-15,2022-11-22,SJRRP CDFW Field Monitoring,Active,1
,2022-11-15,2022-11-22,SJRRP USFWS and USBR Field Monitoring,Active (until 11/17/22),1
,2022-11-15,2022-11-22,Stanislaus Fish Weir,Active,1
,2022-11-22,2022-11-29,"SWP regular counts, CWT reading",Active,1
,2022-11-22,2022-11-29,SWP larval sampling,Not Active,4
,2022-11-22,2022-11-29,"CVP regular counts, CWT reading",Active,1
,2022-11-22,2022-11-29,CVP larval sampling,Not Active,4
,2022-11-22,2022-11-29,Smelt Larval Survey,Not Active,4
,2022-11-22,2022-11-29,LEPS,Not Active,4
,2022-11-22,2022-11-29,20mm Survey,Not Active,4
,2022-11-22,2022-11-29,Spring Kodiak Trawl,Not Active,4
,2022-11-22,2022-11-29,Fall Mid-water Trawl,Active,1
,2022-11-22,2022-11-29,Summer Townet Survey,Not Active,4
,2022-11-22,2022-11-29,Bay Study,Active,1
,2022-11-22,2022-11-29,DJFMP- Chipps and Sacramento Trawls,Active (sampling three days a week starting in May),1
,2022-11-22,2022-11-29,DJFMP- Seines,Active,1
,2022-11-22,2022-11-29,EDSM,Active,1
,2022-11-22,2022-11-29,EMP,Active,1
,2022-11-22,2022-11-29,Mossdale,Active,1
,2022-11-22,2022-11-29,USGS Flow monitoring,Active,1
,2022-11-22,2022-11-29,Red Bluff Diversion Dam screw trap,Active,1
,2022-11-22,2022-11-29,Knights Landing screw trap,Active,1
,2022-11-22,2022-11-29,Tisdale screw trap,Active,1
,2022-11-22,2022-11-29,GCID screw trap,Active,1
,2022-11-22,2022-11-29,Yuba River (Hallwood) screw trap,Active – weekdays only,1
,2022-11-22,2022-11-29,Redd dewatering and stranding surveys,Not Active,4
,2022-11-22,2022-11-29,Sacramento Carcass and Redd Surveys,Active,1
,2022-11-22,2022-11-29,Lower Sacramento Rotary Screw Trap,Active,1
,2022-11-22,2022-11-29,Feather River (upper DWR),Active (Eye side only),1
,2022-11-22,2022-11-29,Feather River (lower CDFW),Active,1
,2022-11-22,2022-11-29,SJRRP CDFW Field Monitoring,Active,1
,2022-11-22,2022-11-29,SJRRP USFWS and USBR Field Monitoring,Not Active,4
,2022-11-22,2022-11-29,Stanislaus Fish Weir,Active,1
,2022-11-29,2022-12-06,"SWP regular counts, CWT reading",Active,1
,2022-11-29,2022-12-06,SWP larval sampling,Not Active,4
,2022-11-29,2022-12-06,"CVP regular counts, CWT reading",Active,1
,2022-11-29,2022-12-06,CVP larval sampling,Not Active,4
,2022-11-29,2022-12-06,Smelt Larval Survey,Not Active,4
,2022-11-29,2022-12-06,LEPS,Not Active,4
,2022-11-29,2022-12-06,20mm Survey,Not Active,4
,2022-11-29,2022-12-06,Spring Kodiak Trawl,Not Active,4
,2022-11-29,2022-12-06,Fall Mid-water Trawl,Active,1
,2022-11-29,2022-12-06,Summer Townet Survey,Not Active,4
,2022-11-29,2022-12-06,Bay Study,Active,1
,2022-11-29,2022-12-06,DJFMP- Chipps and Sacramento Trawls,Active (sampling three days a week starting in May),1
,2022-11-29,2022-12-06,DJFMP- Seines,Active,1
,2022-11-29,2022-12-06,EDSM,Active,1
,2022-11-29,2022-12-06,EMP,Active,1
,2022-11-29,2022-12-06,Mossdale,Active,1
,2022-11-29,2022-12-06,USGS Flow monitoring,Active,1
,2022-11-29,2022-12-06,Red Bluff Diversion Dam screw trap,Active,1
,2022-11-29,2022-12-06,Knights Landing screw trap,Active,1
,2022-11-29,2022-12-06,Tisdale screw trap,Active,1
,2022-11-29,2022-12-06,GCID screw trap,Active,1
,2022-11-29,2022-12-06,Yuba River (Hallwood) screw trap,Active – weekdays only,1
,2022-11-29,2022-12-06,Redd dewatering and stranding surveys,Not Active,4
,2022-11-29,2022-12-06,Sacramento Carcass and Redd Surveys,Active,1
,2022-11-29,2022-12-06,Lower Sacramento Rotary Screw Trap,Active (cones raised on 11/23 - 11/25),2
,2022-11-29,2022-12-06,Feather River (upper DWR),Active,1
,2022-11-29,2022-12-06,Feather River (lower CDFW),Active,1
,2022-11-29,2022-12-06,SJRRP CDFW Field Monitoring,Active,1
,2022-11-29,2022-12-06,SJRRP USFWS and USBR Field Monitoring,Not Active,4
,2022-11-29,2022-12-06,Stanislaus Fish Weir,Active,1
,2022-12-06,2022-12-13,"SWP regular counts, CWT reading",Active,1
,2022-12-06,2022-12-13,SWP larval sampling,Not Active,4
,2022-12-06,2022-12-13,"CVP regular counts, CWT reading",Active,1
,2022-12-06,2022-12-13,CVP larval sampling,Not Active,4
,2022-12-06,2022-12-13,Smelt Larval Survey,Active,1
,2022-12-06,2022-12-13,LEPS,Not Active,4
,2022-12-06,2022-12-13,20mm Survey,Not Active,4
,2022-12-06,2022-12-13,Spring Kodiak Trawl,Not Active,4
,2022-12-06,2022-12-13,Fall Mid-water Trawl,Active,1
,2022-12-06,2022-12-13,Summer Townet Survey,Not Active,4
,2022-12-06,2022-12-13,Bay Study,Active,1
,2022-12-06,2022-12-13,DJFMP- Chipps and Sacramento Trawls,Active (sampling three days a week starting in May),1
,2022-12-06,2022-12-13,DJFMP- Seines,Active,1
,2022-12-06,2022-12-13,EDSM,Active,1
,2022-12-06,2022-12-13,EMP,Active,1
,2022-12-06,2022-12-13,Mossdale,Active,1
,2022-12-06,2022-12-13,USGS Flow monitoring,Active,1
,2022-12-06,2022-12-13,Red Bluff Diversion Dam screw trap,Active,1
,2022-12-06,2022-12-13,Knights Landing screw trap,Active (inactive on 12/1 and 12/5),2
,2022-12-06,2022-12-13,Tisdale screw trap,Active,1
,2022-12-06,2022-12-13,GCID screw trap,Active,1
,2022-12-06,2022-12-13,Yuba River (Hallwood) screw trap,Active – weekdays only,1
,2022-12-06,2022-12-13,Redd dewatering and stranding surveys,Not Active,4
,2022-12-06,2022-12-13,Sacramento Carcass and Redd Surveys,Active,1
,2022-12-06,2022-12-13,Lower Sacramento Rotary Screw Trap,Active,1
,2022-12-06,2022-12-13,Feather River (upper DWR),Active,1
,2022-12-06,2022-12-13,Feather River (lower CDFW),Active,1
,2022-12-06,2022-12-13,SJRRP CDFW Field Monitoring,Active,1
,2022-12-06,2022-12-13,SJRRP USFWS and USBR Field Monitoring,Not Active,4
,2022-12-06,2022-12-13,Stanislaus Fish Weir,Active,1
,2022-12-13,2022-12-20,"SWP regular counts, CWT reading",Active,1
,2022-12-13,2022-12-20,SWP larval sampling,Not Active,4
,2022-12-13,2022-12-20,"CVP regular counts, CWT reading",Active,1
,2022-12-13,2022-12-20,CVP larval sampling,Not Active,4
,2022-12-13,2022-12-20,Smelt Larval Survey,Active,1
,2022-12-13,2022-12-20,LEPS,Not Active,4
,2022-12-13,2022-12-20,20mm Survey,Not Active,4
,2022-12-13,2022-12-20,Spring Kodiak Trawl,Not Active,4
,2022-12-13,2022-12-20,Fall Mid-water Trawl,Active,1
,2022-12-13,2022-12-20,Summer Townet Survey,Not Active,4
,2022-12-13,2022-12-20,Bay Study,Active,1
,2022-12-13,2022-12-20,DJFMP- Chipps and Sacramento Trawls,Active (sampling three days a week starting in May),1
,2022-12-13,2022-12-20,DJFMP- Seines,Active,1
,2022-12-13,2022-12-20,EDSM,Active,1
,2022-12-13,2022-12-20,EMP,Active,1
,2022-12-13,2022-12-20,Mossdale,Active,1
,2022-12-13,2022-12-20,USGS Flow monitoring,Active,1
,2022-12-13,2022-12-20,Red Bluff Diversion Dam screw trap,Active,1
,2022-12-13,2022-12-20,Knights Landing screw trap,Active (inactive on 12/6 and 12/11),2
,2022-12-13,2022-12-20,Tisdale screw trap,Active (inactive on 12/10-12/12),2
,2022-12-13,2022-12-20,GCID screw trap,Interrupted (inactive beginning on 12/7),3
,2022-12-13,2022-12-20,Yuba River (Hallwood) screw trap,Active – weekdays only,1
,2022-12-13,2022-12-20,Redd dewatering and stranding surveys,Not Active,4
,2022-12-13,2022-12-20,Sacramento Carcass and Redd Surveys,Active,1
,2022-12-13,2022-12-20,Lower Sacramento Rotary Screw Trap,Active (inactive on 12/10),2
,2022-12-13,2022-12-20,Feather River (upper DWR),Active,1
,2022-12-13,2022-12-20,Feather River (lower CDFW),Active (inactive 12/10-12/12),2
,2022-12-13,2022-12-20,SJRRP CDFW Field Monitoring,Active,1
,2022-12-13,2022-12-20,SJRRP USFWS and USBR Field Monitoring,Not Active,4
,2022-12-13,2022-12-20,Stanislaus Fish Weir,Active,1
,2022-12-20,2022-12-27,"SWP regular counts, CWT reading",Active,1
,2022-12-20,2022-12-27,SWP larval sampling,Not Active,4
,2022-12-20,2022-12-27,"CVP regular counts, CWT reading",Active,1
,2022-12-20,2022-12-27,CVP larval sampling,Not Active,4
,2022-12-20,2022-12-27,Smelt Larval Survey,Active,1
,2022-12-20,2022-12-27,LEPS,Not Active,4
,2022-12-20,2022-12-27,20mm Survey,Not Active,4
,2022-12-20,2022-12-27,Spring Kodiak Trawl,Not Active,4
,2022-12-20,2022-12-27,Fall Mid-water Trawl,Not Active,4
,2022-12-20,2022-12-27,Summer Townet Survey,Not Active,4
,2022-12-20,2022-12-27,Bay Study,Active,1
,2022-12-20,2022-12-27,DJFMP- Chipps and Sacramento Trawls,Active (sampling three days a week starting in May),1
,2022-12-20,2022-12-27,DJFMP- Seines,Active,1
,2022-12-20,2022-12-27,EDSM,Active,1
,2022-12-20,2022-12-27,EMP,Active,1
,2022-12-20,2022-12-27,Mossdale,Active,1
,2022-12-20,2022-12-27,USGS Flow monitoring,Active,1
,2022-12-20,2022-12-27,Red Bluff Diversion Dam screw trap,Active,1
,2022-12-20,2022-12-27,Knights Landing screw trap,Active,1
,2022-12-20,2022-12-27,Tisdale screw trap,Active,1
,2022-12-20,2022-12-27,GCID screw trap,Active – beginning 12/15,1
,2022-12-20,2022-12-27,Yuba River (Hallwood) screw trap,Active – weekdays only,1
,2022-12-20,2022-12-27,Redd dewatering and stranding surveys,Not Active,4
,2022-12-20,2022-12-27,Sacramento Carcass and Redd Surveys,Active,1
,2022-12-20,2022-12-27,Lower Sacramento Rotary Screw Trap,Partial Interruption  (inactive on 12/10-12/14); (inactive 12/18),2
,2022-12-20,2022-12-27,Feather River (upper DWR),Active,1
,2022-12-20,2022-12-27,Feather River (lower CDFW),Active,1
,2022-12-20,2022-12-27,SJRRP CDFW Field Monitoring,Active,1
,2022-12-20,2022-12-27,SJRRP USFWS and USBR Field Monitoring,Not Active,4
,2022-12-20,2022-12-27,Stanislaus Fish Weir,Active,1
,2022-12-27,2023-01-03,"SWP regular counts, CWT reading",Active,1
,2022-12-27,2023-01-03,SWP larval sampling,Not Active,4
,2022-12-27,2023-01-03,"CVP regular counts, CWT reading",Active,1
,2022-12-27,2023-01-03,CVP larval sampling,Not Active,4
,2022-12-27,2023-01-03,Smelt Larval Survey,Active,1
,2022-12-27,2023-01-03,LEPS,Not Active,4
,2022-12-27,2023-01-03,20mm Survey,Not Active,4
,2022-12-27,2023-01-03,Spring Kodiak Trawl,Not Active,4
,2022-12-27,2023-01-03,Fall Mid-water Trawl,Not Active,4
,2022-12-27,2023-01-03,Summer Townet Survey,Not Active,4
,2022-12-27,2023-01-03,Bay Study,Active,1
,2022-12-27,2023-01-03,DJFMP- Chipps and Sacramento Trawls,Active (sampling three days a week starting in May),1
,2022-12-27,2023-01-03,DJFMP- Seines,Active,1
,2022-12-27,2023-01-03,EDSM,Active,1
,2022-12-27,2023-01-03,EMP,Active,1
,2022-12-27,2023-01-03,Mossdale,Active,1
,2022-12-27,2023-01-03,USGS Flow monitoring,Active,1
,2022-12-27,2023-01-03,Red Bluff Diversion Dam screw trap,Active,1
,2022-12-27,2023-01-03,Knights Landing screw trap,Partial Interruption (inactive on 12/24-12/26),2
,2022-12-27,2023-01-03,Tisdale screw trap,Partial Interruption (inactive on 12/23-12/26),2
,2022-12-27,2023-01-03,GCID screw trap,Active,1
,2022-12-27,2023-01-03,Yuba River (Hallwood) screw trap,Active – weekdays only,1
,2022-12-27,2023-01-03,Redd dewatering and stranding surveys,Not Active,4
,2022-12-27,2023-01-03,Sacramento Carcass and Redd Surveys,Active,1
,2022-12-27,2023-01-03,Lower Sacramento Rotary Screw Trap,Partial Interruption (inactive on 12/23-12/26),2
,2022-12-27,2023-01-03,Feather River (upper DWR),Active,1
,2022-12-27,2023-01-03,Feather River (lower CDFW),Partial Interruption (inactive on 12/23-12/26),2
,2022-12-27,2023-01-03,SJRRP CDFW Field Monitoring,Active,1
,2022-12-27,2023-01-03,SJRRP USFWS and USBR Field Monitoring,Not Active,4
,2022-12-27,2023-01-03,Stanislaus Fish Weir,Active,1
,2023-01-03,2023-01-10,"SWP regular counts, CWT reading",Active,1
,2023-01-03,2023-01-10,SWP larval sampling,Not Active,4
,2023-01-03,2023-01-10,"CVP regular counts, CWT reading",Active,1
,2023-01-03,2023-01-10,CVP larval sampling,Not Active,4
,2023-01-03,2023-01-10,Smelt Larval Survey,Active,1
,2023-01-03,2023-01-10,LEPS,Active,1
,2023-01-03,2023-01-10,20mm Survey,Not Active,4
,2023-01-03,2023-01-10,Spring Kodiak Trawl,Not Active,4
,2023-01-03,2023-01-10,Fall Mid-water Trawl,Not Active,4
,2023-01-03,2023-01-10,Summer Townet Survey,Not Active,4
,2023-01-03,2023-01-10,Bay Study,Active,1
,2023-01-03,2023-01-10,DJFMP- Chipps and Sacramento Trawls,Active (sampling three days a week starting in May),1
,2023-01-03,2023-01-10,DJFMP- Seines,Active,1
,2023-01-03,2023-01-10,EDSM,Active,1
,2023-01-03,2023-01-10,EMP,Active,1
,2023-01-03,2023-01-10,Mossdale,Active,1
,2023-01-03,2023-01-10,USGS Flow monitoring,Active,1
,2023-01-03,2023-01-10,Red Bluff Diversion Dam Rotary Screw Trap (RST),Active,1
,2023-01-03,2023-01-10,Knights LandingRST,Not Active as of 1/1,4
,2023-01-03,2023-01-10,Tisdale RST,Partial Interruption (inactive on 12/31 - 1/2),2
,2023-01-03,2023-01-10,GCID RST,Not Active (Traps pulled out of river due to high flows on 12/27),4
,2023-01-03,2023-01-10,Yuba River (Hallwood) RST,Active – weekdays only,1
,2023-01-03,2023-01-10,Redd dewatering and stranding surveys,Not Active,4
,2023-01-03,2023-01-10,Sacramento Carcass and Redd Surveys,Active,1
,2023-01-03,2023-01-10,Lower Sacramento RST,Not Active as of 12/29,4
,2023-01-03,2023-01-10,Feather River (upper DWR) RST,Active,1
,2023-01-03,2023-01-10,Feather River (lower CDFW) RST,Partial Interruption (inactive on 12/23-12/26),2
,2023-01-03,2023-01-10,SJRRP CDFW Field Monitoring,Active,1
,2023-01-03,2023-01-10,SJRRP USFWS and USBR Field Monitoring,Not Active,4
,2023-01-03,2023-01-10,Stanislaus Fish Weir,Active,1
,2023-01-10,2023-01-17,"SWP regular counts, CWT reading",Active,1
,2023-01-10,2023-01-17,SWP larval sampling,Not Active,4
,2023-01-10,2023-01-17,"CVP regular counts, CWT reading",Active,1
,2023-01-10,2023-01-17,CVP larval sampling,Not Active,4
,2023-01-10,2023-01-17,Smelt Larval Survey,Active,1
,2023-01-10,2023-01-17,LEPS,Active,1
,2023-01-10,2023-01-17,20mm Survey,Not Active,4
,2023-01-10,2023-01-17,Spring Kodiak Trawl,Active,1
,2023-01-10,2023-01-17,Fall Mid-water Trawl,Not Active,4
,2023-01-10,2023-01-17,Summer Townet Survey,Not Active,4
,2023-01-10,2023-01-17,Bay Study,Active,1
,2023-01-10,2023-01-17,DJFMP- Chipps and Sacramento Trawls,Active (sampling three days a week starting in May),1
,2023-01-10,2023-01-17,DJFMP- Seines,Partial interruption (due to floods and associated mud),2
,2023-01-10,2023-01-17,EDSM,Active,1
,2023-01-10,2023-01-17,EMP,Active,1
,2023-01-10,2023-01-17,Mossdale,Active,1
,2023-01-10,2023-01-17,USGS Flow monitoring,Active,1
,2023-01-10,2023-01-17,Red Bluff Diversion Dam Rotary Screw Trap (RST),Active,1
,2023-01-10,2023-01-17,Knights Landing RST,Active (inactive on 1/5),1
,2023-01-10,2023-01-17,Tisdale RST,Active (inactive 1/7),1
,2023-01-10,2023-01-17,GCID RST,Not Active (Traps pulled out of river due to high flows on 12/27),4
,2023-01-10,2023-01-17,Yuba River (Hallwood) RST,Active – weekdays only,1
,2023-01-10,2023-01-17,Redd dewatering and stranding surveys,Not Active,4
,2023-01-10,2023-01-17,Sacramento Carcass and Redd Surveys,Active,1
,2023-01-10,2023-01-17,Lower Sacramento RST,Not Active as of 12/29,4
,2023-01-10,2023-01-17,Feather River (upper DWR) RST,Active,1
,2023-01-10,2023-01-17,Feather River (lower CDFW) RST,Active  (inactive on 1/4-1/10),2
,2023-01-10,2023-01-17,SJRRP CDFW Field Monitoring,Active,1
,2023-01-10,2023-01-17,SJRRP USFWS and USBR Field Monitoring,Not Active,4
,2023-01-10,2023-01-17,Stanislaus Fish Weir,Active,1
,2023-01-17,2023-01-24,"SWP regular counts, CWT reading",Active;  delay in CWT reading as DWR staff was unable to reach Skinner fish facility before 1/17 morning due to road closure for flooding.,1
,2023-01-17,2023-01-24,SWP larval sampling,Not Active,4
,2023-01-17,2023-01-24,"CVP regular counts, CWT reading",Active,1
,2023-01-17,2023-01-24,CVP larval sampling,Not Active,4
,2023-01-17,2023-01-24,Smelt Larval Survey,Active,1
,2023-01-17,2023-01-24,LEPS,Active,1
,2023-01-17,2023-01-24,20mm Survey,Not Active,4
,2023-01-17,2023-01-24,Spring Kodiak Trawl,Active,1
,2023-01-17,2023-01-24,Fall Mid-water Trawl,Not Active,4
,2023-01-17,2023-01-24,Summer Townet Survey,Not Active,4
,2023-01-17,2023-01-24,Bay Study,Active,1
,2023-01-17,2023-01-24,DJFMP- Chipps and Sacramento Trawls,Active (sampling three days a week starting in May),1
,2023-01-17,2023-01-24,DJFMP- Seines,Active,1
,2023-01-17,2023-01-24,EDSM,Active,1
,2023-01-17,2023-01-24,EMP,Active,1
,2023-01-17,2023-01-24,Mossdale,Active,1
,2023-01-17,2023-01-24,USGS Flow monitoring,Active,1
,2023-01-17,2023-01-24,Red Bluff Diversion Dam Rotary Screw Trap (RST),Active,1
,2023-01-17,2023-01-24,Knights Landing RST,Active,1
,2023-01-17,2023-01-24,Tisdale RST,Active,1
,2023-01-17,2023-01-24,GCID RST,Not Active (Traps pulled out of river due to high flows on 12/27),4
,2023-01-17,2023-01-24,Yuba River (Hallwood) RST,Active – weekdays only,1
,2023-01-17,2023-01-24,Redd dewatering and stranding surveys,Not Active,4
,2023-01-17,2023-01-24,Sacramento Carcass and Redd Surveys,Active,1
,2023-01-17,2023-01-24,Lower Sacramento RST,Not Active as of 12/29,4
,2023-01-17,2023-01-24,Feather River (upper DWR) RST,Active,1
,2023-01-17,2023-01-24,Feather River (lower CDFW) RST,Active  (inactive on 1/4-1/10),2
,2023-01-17,2023-01-24,SJRRP CDFW Field Monitoring,Active,1
,2023-01-17,2023-01-24,SJRRP USFWS and USBR Field Monitoring,Not Active,4
,2023-01-17,2023-01-24,Stanislaus Fish Weir,Active,1
,2023-01-24,2023-01-31,"SWP regular counts, CWT reading",Active,1
,2023-01-24,2023-01-31,SWP larval sampling,Not Active,4
,2023-01-24,2023-01-31,"CVP regular counts, CWT reading",Partial (expected to reduce counts due to high vegetation),2
,2023-01-24,2023-01-31,CVP larval sampling,Not Active,4
,2023-01-24,2023-01-31,Smelt Larval Survey,Active,1
,2023-01-24,2023-01-31,LEPS,Active,1
,2023-01-24,2023-01-31,20mm Survey,Not Active,4
,2023-01-24,2023-01-31,Spring Kodiak Trawl,Active,1
,2023-01-24,2023-01-31,Fall Mid-water Trawl,Not Active,4
,2023-01-24,2023-01-31,Summer Townet Survey,Not Active,4
,2023-01-24,2023-01-31,Bay Study,Active,1
,2023-01-24,2023-01-31,DJFMP- Chipps and Sacramento Trawls,Active (sampling three days a week starting in May),1
,2023-01-24,2023-01-31,DJFMP- Seines,Partial,2
,2023-01-24,2023-01-31,EDSM,Active,1
,2023-01-24,2023-01-31,EMP,Active,1
,2023-01-24,2023-01-31,Mossdale,Active,1
,2023-01-24,2023-01-31,USGS Flow monitoring,Active,1
,2023-01-24,2023-01-31,Red Bluff Diversion Dam Rotary Screw Trap (RST),Active,1
,2023-01-24,2023-01-31,Knights Landing RST,Partial (inactive on 1/19-1/23),2
,2023-01-24,2023-01-31,Tisdale RST,Active (inactive on 1/22 -1/23),1
,2023-01-24,2023-01-31,GCID RST,Not Active (Traps pulled out of river due to high flows on 12/27),4
,2023-01-24,2023-01-31,Yuba River (Hallwood) RST,Active – weekdays only,1
,2023-01-24,2023-01-31,Redd dewatering and stranding surveys,Not Active,4
,2023-01-24,2023-01-31,Sacramento Carcass and Redd Surveys,Active,1
,2023-01-24,2023-01-31,Lower Sacramento RST,Not Active as of 12/29,4
,2023-01-24,2023-01-31,Feather River (upper DWR) RST,Active,1
,2023-01-24,2023-01-31,Feather River (lower CDFW) RST,Active  (inactive on 1/4-1/10),2
,2023-01-24,2023-01-31,SJRRP CDFW Field Monitoring,Active,1
,2023-01-24,2023-01-31,SJRRP USFWS and USBR Field Monitoring,Not Active,4
,2023-01-24,2023-01-31,Stanislaus Fish Weir,Active,1
,2023-01-31,2023-02-07,"SWP regular counts, CWT reading",Active,1
,2023-01-31,2023-02-07,SWP larval sampling,Not Active,4
,2023-01-31,2023-02-07,"CVP regular counts, CWT reading",Partial (reduced counts on 1/23-1/25),2
,2023-01-31,2023-02-07,CVP larval sampling,Not Active,4
,2023-01-31,2023-02-07,Smelt Larval Survey,Active,1
,2023-01-31,2023-02-07,LEPS,Active,1
,2023-01-31,2023-02-07,20mm Survey,Not Active,4
,2023-01-31,2023-02-07,Spring Kodiak Trawl,Active,1
,2023-01-31,2023-02-07,Fall Mid-water Trawl,Not Active,4
,2023-01-31,2023-02-07,Summer Townet Survey,Not Active,4
,2023-01-31,2023-02-07,Bay Study,Active,1
,2023-01-31,2023-02-07,DJFMP- Chipps and Sacramento Trawls,Active (sampling three days a week starting in May),1
,2023-01-31,2023-02-07,DJFMP- Seines,Partial,2
,2023-01-31,2023-02-07,EDSM,Active,1
,2023-01-31,2023-02-07,EMP,Active,1
,2023-01-31,2023-02-07,Mossdale,Active,1
,2023-01-31,2023-02-07,USGS Flow monitoring,Active,1
,2023-01-31,2023-02-07,Red Bluff Diversion Dam Rotary Screw Trap (RST),Active,1
,2023-01-31,2023-02-07,Knights Landing RST,Active (inactive 1/23-1/24),1
,2023-01-31,2023-02-07,Tisdale RST,Active (inactive on 1/22 -1/23),1
,2023-01-31,2023-02-07,GCID RST,Not Active (Traps pulled out of river due to high flows on 12/27),4
,2023-01-31,2023-02-07,Yuba River (Hallwood) RST,Active – weekdays only,1
,2023-01-31,2023-02-07,Redd dewatering and stranding surveys,Not Active,4
,2023-01-31,2023-02-07,Sacramento Carcass and Redd Surveys,Active,1
,2023-01-31,2023-02-07,Lower Sacramento RST,Active (as of 1/30),1
,2023-01-31,2023-02-07,Feather River (upper DWR) RST,Active,1
,2023-01-31,2023-02-07,Feather River (lower CDFW) RST,Active,1
,2023-01-31,2023-02-07,SJRRP CDFW Field Monitoring,Active,1
,2023-01-31,2023-02-07,SJRRP USFWS and USBR Field Monitoring,Not Active,4
,2023-01-31,2023-02-07,Stanislaus Fish Weir,Active,1
,2023-02-07,2023-02-14,"SWP regular counts, CWT reading",Active,1
,2023-02-07,2023-02-14,SWP larval sampling,Not Active,4
,2023-02-07,2023-02-14,"CVP regular counts, CWT reading",Active,1
,2023-02-07,2023-02-14,CVP larval sampling,Not Active,4
,2023-02-07,2023-02-14,Smelt Larval Survey,Active,1
,2023-02-07,2023-02-14,LEPS,Active,1
,2023-02-07,2023-02-14,20mm Survey,Not Active,4
,2023-02-07,2023-02-14,Spring Kodiak Trawl,Active,1
,2023-02-07,2023-02-14,Fall Mid-water Trawl,Not Active,4
,2023-02-07,2023-02-14,Summer Townet Survey,Not Active,4
,2023-02-07,2023-02-14,Bay Study,Active,1
,2023-02-07,2023-02-14,DJFMP- Chipps and Sacramento Trawls,Active (sampling three days a week starting in May),1
,2023-02-07,2023-02-14,DJFMP- Seines,Active,1
,2023-02-07,2023-02-14,EDSM,Active,1
,2023-02-07,2023-02-14,EMP,Active,1
,2023-02-07,2023-02-14,Mossdale,Active,1
,2023-02-07,2023-02-14,USGS Flow monitoring,Active,1
,2023-02-07,2023-02-14,Red Bluff Diversion Dam Rotary Screw Trap (RST),Active,1
,2023-02-07,2023-02-14,Knights Landing RST,Active,1
,2023-02-07,2023-02-14,Tisdale RST,Active,1
,2023-02-07,2023-02-14,GCID RST,Not Active (Traps pulled out of river due to high flows on 12/27),4
,2023-02-07,2023-02-14,Yuba River (Hallwood) RST,Active – weekdays only,1
,2023-02-07,2023-02-14,Redd dewatering and stranding surveys,Not Active,4
,2023-02-07,2023-02-14,Sacramento Carcass and Redd Surveys,Active,1
,2023-02-07,2023-02-14,Lower Sacramento RST,Active,1
,2023-02-07,2023-02-14,Feather River (upper DWR) RST,Active,1
,2023-02-07,2023-02-14,Feather River (lower CDFW) RST,Active,1
,2023-02-07,2023-02-14,SJRRP CDFW Field Monitoring,Active,1
,2023-02-07,2023-02-14,SJRRP USFWS and USBR Field Monitoring,Not Active,4
,2023-02-07,2023-02-14,Stanislaus Fish Weir,Active,1
,2023-02-14,2023-02-21,"SWP regular counts, CWT reading",Active,1
,2023-02-14,2023-02-21,SWP larval sampling,Not Active,4
,2023-02-14,2023-02-21,"CVP regular counts, CWT reading",Partial Interruption,2
,2023-02-14,2023-02-21,CVP larval sampling,Not Active,4
,2023-02-14,2023-02-21,Smelt Larval Survey,Active,1
,2023-02-14,2023-02-21,LEPS,Active,1
,2023-02-14,2023-02-21,20mm Survey,Not Active,4
,2023-02-14,2023-02-21,Spring Kodiak Trawl,Active,1
,2023-02-14,2023-02-21,Fall Mid-water Trawl,Not Active,4
,2023-02-14,2023-02-21,Summer Townet Survey,Not Active,4
,2023-02-14,2023-02-21,Bay Study,Active,1
,2023-02-14,2023-02-21,DJFMP- Chipps and Sacramento Trawls,Active (sampling three days a week starting in May),1
,2023-02-14,2023-02-21,DJFMP- Seines,Active,1
,2023-02-14,2023-02-21,EDSM,Active,1
,2023-02-14,2023-02-21,EMP,Active,1
,2023-02-14,2023-02-21,Mossdale,Active,1
,2023-02-14,2023-02-21,USGS Flow monitoring,Active,1
,2023-02-14,2023-02-21,Red Bluff Diversion Dam Rotary Screw Trap (RST),Active,1
,2023-02-14,2023-02-21,Knights Landing RST,Active,1
,2023-02-14,2023-02-21,Tisdale RST,Active,1
,2023-02-14,2023-02-21,GCID RST,Not Active (Traps pulled out of river due to high flows on 12/27),4
,2023-02-14,2023-02-21,Yuba River (Hallwood) RST,Active – weekdays only,1
,2023-02-14,2023-02-21,Redd dewatering and stranding surveys,Not Active,4
,2023-02-14,2023-02-21,Sacramento Carcass and Redd Surveys,Active,1
,2023-02-14,2023-02-21,Lower Sacramento RST,Active (inactive on 2/8),1
,2023-02-14,2023-02-21,Feather River (upper DWR) RST,Active,1
,2023-02-14,2023-02-21,Feather River (lower CDFW) RST,Active,1
,2023-02-14,2023-02-21,SJRRP CDFW Field Monitoring,Active,1
,2023-02-14,2023-02-21,SJRRP USFWS and USBR Field Monitoring,Not Active,4
,2023-02-14,2023-02-21,Stanislaus Fish Weir,Active,1
,2023-02-14,2023-02-21,American River Carcass/Redd Surveys,Not Active,4
,2023-02-14,2023-02-21,Caswell RST,Active,1
,2023-02-21,2023-02-28,"SWP regular counts, CWT reading",Active,1
,2023-02-21,2023-02-28,SWP larval sampling,Not Active,4
,2023-02-21,2023-02-28,"CVP regular counts, CWT reading",Active,1
,2023-02-21,2023-02-28,CVP larval sampling,Not Active,4
,2023-02-21,2023-02-28,Smelt Larval Survey,Active,1
,2023-02-21,2023-02-28,LEPS,Active,1
,2023-02-21,2023-02-28,20mm Survey,Not Active,4
,2023-02-21,2023-02-28,Spring Kodiak Trawl,Active,1
,2023-02-21,2023-02-28,Fall Mid-water Trawl,Not Active,4
,2023-02-21,2023-02-28,Summer Townet Survey,Not Active,4
,2023-02-21,2023-02-28,Bay Study,Active,1
,2023-02-21,2023-02-28,DJFMP- Chipps and Sacramento Trawls,Active (sampling three days a week starting in May),1
,2023-02-21,2023-02-28,DJFMP- Seines,Active,1
,2023-02-21,2023-02-28,EDSM,Active,1
,2023-02-21,2023-02-28,EMP,Active,1
,2023-02-21,2023-02-28,Mossdale,Active,1
,2023-02-21,2023-02-28,USGS Flow monitoring,Active,1
,2023-02-21,2023-02-28,Red Bluff Diversion Dam Rotary Screw Trap (RST),Active,1
,2023-02-21,2023-02-28,Knights Landing RST,Active,1
,2023-02-21,2023-02-28,Tisdale RST,Active,1
,2023-02-21,2023-02-28,GCID RST,Not Active (Traps pulled out of river due to high flows on 12/27),4
,2023-02-21,2023-02-28,Yuba River (Hallwood) RST,Active – weekdays only,1
,2023-02-21,2023-02-28,Redd dewatering and stranding surveys,Not Active,4
,2023-02-21,2023-02-28,Sacramento Carcass and Redd Surveys,Active,1
,2023-02-21,2023-02-28,Lower Sacramento RST,Active,1
,2023-02-21,2023-02-28,Feather River (upper DWR) RST,Active,1
,2023-02-21,2023-02-28,Feather River (lower CDFW) RST,Active,1
,2023-02-21,2023-02-28,SJRRP CDFW Field Monitoring,Active,1
,2023-02-21,2023-02-28,SJRRP USFWS and USBR Field Monitoring,Not Active,4
,2023-02-21,2023-02-28,Stanislaus Fish Weir,Active,1
,2023-02-21,2023-02-28,American River Carcass/Redd Surveys,Not Active,4
,2023-02-21,2023-02-28,Caswell RST,Active,1
,2023-02-28,2023-03-07,"SWP regular counts, CWT reading",Active,1
,2023-02-28,2023-03-07,SWP larval sampling,Active (starting 3/1),1
,2023-02-28,2023-03-07,"CVP regular counts, CWT reading",Active,1
,2023-02-28,2023-03-07,CVP larval sampling,Active (starting 3/1),1
,2023-02-28,2023-03-07,Smelt Larval Survey,Active,1
,2023-02-28,2023-03-07,LEPS,Active,1
,2023-02-28,2023-03-07,20mm Survey,Not Active,4
,2023-02-28,2023-03-07,Spring Kodiak Trawl,Active,1
,2023-02-28,2023-03-07,Fall Mid-water Trawl,Not Active,4
,2023-02-28,2023-03-07,Summer Townet Survey,Not Active,4
,2023-02-28,2023-03-07,Bay Study,Active,1
,2023-02-28,2023-03-07,DJFMP- Chipps and Sacramento Trawls,Active (Chipps Island Trawl running 5 days a week through March),1
,2023-02-28,2023-03-07,DJFMP- Seines,Active,1
,2023-02-28,2023-03-07,EDSM,Active,1
,2023-02-28,2023-03-07,EMP,Active,1
,2023-02-28,2023-03-07,Mossdale,Active,1
,2023-02-28,2023-03-07,USGS Flow monitoring,Active,1
,2023-02-28,2023-03-07,Red Bluff Diversion Dam Rotary Screw Trap (RST),Active,1
,2023-02-28,2023-03-07,Knights Landing RST,Active,1
,2023-02-28,2023-03-07,Tisdale RST,Active,1
,2023-02-28,2023-03-07,GCID RST,Not Active (Traps pulled out of river due to high flows on 12/27),4
,2023-02-28,2023-03-07,Yuba River (Hallwood) RST,Active – weekdays only,1
,2023-02-28,2023-03-07,Redd dewatering and stranding surveys,Not Active,4
,2023-02-28,2023-03-07,Sacramento Carcass and Redd Surveys,Active,1
,2023-02-28,2023-03-07,Lower Sacramento RST,Active,1
,2023-02-28,2023-03-07,Feather River (upper DWR) RST,Active,1
,2023-02-28,2023-03-07,Feather River (lower CDFW) RST,Active,1
,2023-02-28,2023-03-07,SJRRP CDFW Field Monitoring,Not Active,4
,2023-02-28,2023-03-07,SJRRP USBR Field Monitoring,Active,1
,2023-02-28,2023-03-07,Stanislaus Fish Weir,Active,1
,2023-02-28,2023-03-07,American River Carcass/Redd Surveys,Not Active,4
,2023-02-28,2023-03-07,Caswell RST,Active,1
,2023-03-07,2023-03-14,"SWP regular counts, CWT reading",Active,1
,2023-03-07,2023-03-14,SWP larval sampling,Active ] (started 3/1),1
,2023-03-07,2023-03-14,"CVP regular counts, CWT reading",Active,1
,2023-03-07,2023-03-14,CVP larval sampling,Active (started 3/1),1
,2023-03-07,2023-03-14,Smelt Larval Survey,Active,1
,2023-03-07,2023-03-14,LEPS,Active,1
,2023-03-07,2023-03-14,20mm Survey,Not Active (starting 3/13),4
,2023-03-07,2023-03-14,Spring Kodiak Trawl,Active,1
,2023-03-07,2023-03-14,Fall Mid-water Trawl,Not Active,4
,2023-03-07,2023-03-14,Summer Townet Survey,Not Active,4
,2023-03-07,2023-03-14,Bay Study,Active,1
,2023-03-07,2023-03-14,DJFMP- Chipps and Sacramento Trawls,Active (Chipps Island & Sacramento Trawl running 5 days a week through March),1
,2023-03-07,2023-03-14,DJFMP- Seines,Active,1
,2023-03-07,2023-03-14,EDSM,Active,1
,2023-03-07,2023-03-14,EMP,Active,1
,2023-03-07,2023-03-14,Mossdale,Active,1
,2023-03-07,2023-03-14,USGS Flow monitoring,Active,1
,2023-03-07,2023-03-14,Red Bluff Diversion Dam Rotary Screw Trap (RST),Active,1
,2023-03-07,2023-03-14,Knights Landing RST,Active,1
,2023-03-07,2023-03-14,Tisdale RST,Partial Interruption  (inactive from 2/26-2/28),2
,2023-03-07,2023-03-14,GCID RST,Not Active ),4
,2023-03-07,2023-03-14,Yuba River (Hallwood) RST,Active – weekdays only,1
,2023-03-07,2023-03-14,Redd dewatering and stranding surveys,Not Active,4
,2023-03-07,2023-03-14,Sacramento Carcass and Redd Surveys,Active,1
,2023-03-07,2023-03-14,Lower Sacramento RST,Not Active (Traps pulled on 3/6 due to heavy debris and high flows),4
,2023-03-07,2023-03-14,Feather River (upper DWR) RST,Not Active (Herringer Trap raised on 3/2 due to heavy debris),4
,2023-03-07,2023-03-14,Feather River (lower CDFW) RST,Active,1
,2023-03-07,2023-03-14,SJRRP CDFW Field Monitoring,Not Active,4
,2023-03-07,2023-03-14,SJRRP USBR Field Monitoring,Active,1
,2023-03-07,2023-03-14,Stanislaus Fish Weir,Active,1
,2023-03-07,2023-03-14,American River Carcass/Redd Surveys,Not Active,4
,2023-03-07,2023-03-14,Caswell RST,Active,1
,2023-03-14,2023-03-21,"SWP regular counts, CWT reading",Active,1
,2023-03-14,2023-03-21,SWP larval sampling,Active ] (started 3/1),1
,2023-03-14,2023-03-21,"CVP regular counts, CWT reading",Active,1
,2023-03-14,2023-03-21,CVP larval sampling,Active (started 3/1),1
,2023-03-14,2023-03-21,Smelt Larval Survey,Active,1
,2023-03-14,2023-03-21,LEPS,Active,1
,2023-03-14,2023-03-21,20mm Survey,Not Active (starting 3/13),4
,2023-03-14,2023-03-21,Spring Kodiak Trawl,Active,1
,2023-03-14,2023-03-21,Fall Mid-water Trawl,Not Active,4
,2023-03-14,2023-03-21,Summer Townet Survey,Not Active,4
,2023-03-14,2023-03-21,Bay Study,Active,1
,2023-03-14,2023-03-21,DJFMP- Chipps and Sacramento Trawls,Active (Chipps Island & Sacramento Trawl running 5 days a week through March),1
,2023-03-14,2023-03-21,DJFMP- Seines,Active,1
,2023-03-14,2023-03-21,EDSM,Active,1
,2023-03-14,2023-03-21,EMP,Active,1
,2023-03-14,2023-03-21,Mossdale,Active,1
,2023-03-14,2023-03-21,USGS Flow monitoring,Active,1
,2023-03-14,2023-03-21,Red Bluff Diversion Dam Rotary Screw Trap (RST),Active,1
,2023-03-14,2023-03-21,Knights Landing RST,Partial Interruption  (Inactive from 3/10-3/12),2
,2023-03-14,2023-03-21,Tisdale RST,Partial Interruption (Inactive from 3/10-3/11),2
,2023-03-14,2023-03-21,GCID RST,Not Active),4
,2023-03-14,2023-03-21,Yuba River (Hallwood) RST,Not Active – (Inactive 3/7-3/14),4
,2023-03-14,2023-03-21,Redd dewatering and stranding surveys,Not Active,4
,2023-03-14,2023-03-21,Sacramento Carcass and Redd Surveys,Active,1
,2023-03-14,2023-03-21,Lower Sacramento RST,Not Active (Inactive from 3/4 -3/14),4
,2023-03-14,2023-03-21,Feather River (upper DWR) RST,Partial Interruption (Inactive from 3/9-3/12)),2
,2023-03-14,2023-03-21,Feather River (lower CDFW) RST,Partial Interruption  (Inactive 3/8 - 3/12),2
,2023-03-14,2023-03-21,SJRRP CDFW Field Monitoring,Not Active,4
,2023-03-14,2023-03-21,SJRRP USBR Field Monitoring,Active,1
,2023-03-14,2023-03-21,Stanislaus Fish Weir,Active,1
,2023-03-14,2023-03-21,American River Carcass/Redd Surveys,Not Active,4
,2023-03-14,2023-03-21,Caswell RST,Active (Inactive from 3/1-3/2),1
,2023-03-21,2023-03-28,"SWP regular counts, CWT reading",Active,1
,2023-03-21,2023-03-28,SWP larval sampling,Active,1
,2023-03-21,2023-03-28,"CVP regular counts, CWT reading",Active,1
,2023-03-21,2023-03-28,CVP larval sampling,Active,1
,2023-03-21,2023-03-28,Smelt Larval Survey,Active,1
,2023-03-21,2023-03-28,LEPS,Active,1
,2023-03-21,2023-03-28,20mm Survey,Active,1
,2023-03-21,2023-03-28,Spring Kodiak Trawl,Active,1
,2023-03-21,2023-03-28,Fall Mid-water Trawl,Not Active,4
,2023-03-21,2023-03-28,Summer Townet Survey,Not Active,4
,2023-03-21,2023-03-28,Bay Study,Active,1
,2023-03-21,2023-03-28,DJFMP- Chipps and Sacramento Trawls,Active (Chipps Island & Sacramento Trawl running 5 days a week through March),1
,2023-03-21,2023-03-28,DJFMP- Seines,Active,1
,2023-03-21,2023-03-28,EDSM,Active,1
,2023-03-21,2023-03-28,EMP,Active,1
,2023-03-21,2023-03-28,Mossdale,Active,1
,2023-03-21,2023-03-28,USGS Flow monitoring,Active,1
,2023-03-21,2023-03-28,Red Bluff Diversion Dam Rotary Screw Trap (RST),Active,1
,2023-03-21,2023-03-28,Knights Landing RST,Active (Since 3/12),1
,2023-03-21,2023-03-28,Tisdale RST,Active (Since 3/13),1
,2023-03-21,2023-03-28,GCID RST,Not Active,4
,2023-03-21,2023-03-28,Yuba River (Hallwood) RST,Active (Since 3/20),1
,2023-03-21,2023-03-28,Redd dewatering and stranding surveys,Not Active,4
,2023-03-21,2023-03-28,Sacramento Carcass and Redd Surveys,Active,1
,2023-03-21,2023-03-28,Lower Sacramento RST,Not Active (Since 3/8)),4
,2023-03-21,2023-03-28,Feather River (upper DWR) RST,Partial Interruption,2
,2023-03-21,2023-03-28,Feather River (lower CDFW) RST,Active (Inactive on 3/14),1
,2023-03-21,2023-03-28,SJRRP CDFW Field Monitoring,Not Active,4
,2023-03-21,2023-03-28,SJRRP USBR Field Monitoring,Interrupted,3
,2023-03-21,2023-03-28,Stanislaus Fish Weir,Active,1
,2023-03-21,2023-03-28,American River Carcass/Redd Surveys,Not Active,4
,2023-03-21,2023-03-28,Caswell RST,Active,1
,2023-03-28,2023-04-04,"SWP regular counts, CWT reading",Active,1
,2023-03-28,2023-04-04,SWP larval sampling,Active,1
,2023-03-28,2023-04-04,"CVP regular counts, CWT reading",Active,1
,2023-03-28,2023-04-04,CVP larval sampling,Active,1
,2023-03-28,2023-04-04,Smelt Larval Survey,Active,1
,2023-03-28,2023-04-04,LEPS,Active,1
,2023-03-28,2023-04-04,20mm Survey,Active,1
,2023-03-28,2023-04-04,Spring Kodiak Trawl,Active,1
,2023-03-28,2023-04-04,Fall Mid-water Trawl,Not Active,4
,2023-03-28,2023-04-04,Summer Townet Survey,Not Active,4
,2023-03-28,2023-04-04,Bay Study,Active,1
,2023-03-28,2023-04-04,DJFMP- Chipps and Sacramento Trawls,Active (Chipps Island & Sacramento Trawl running 5 days a week through March),1
,2023-03-28,2023-04-04,DJFMP- Seines,Active (San Joaquin River Seine is partially inactive),1
,2023-03-28,2023-04-04,EDSM,Active,1
,2023-03-28,2023-04-04,EMP,Active,1
,2023-03-28,2023-04-04,Mossdale,Not Active,4
,2023-03-28,2023-04-04,USGS Flow monitoring,Active,1
,2023-03-28,2023-04-04,Red Bluff Diversion Dam Rotary Screw Trap (RST),Active,1
,2023-03-28,2023-04-04,Knights Landing RST,Active,1
,2023-03-28,2023-04-04,Tisdale RST,Active (Partial interruption 3/25 -3/26),1
,2023-03-28,2023-04-04,GCID RST,Not Active,4
,2023-03-28,2023-04-04,Yuba River (Hallwood) RST,Active,1
,2023-03-28,2023-04-04,Redd dewatering and stranding surveys,Not Active,4
,2023-03-28,2023-04-04,Sacramento Carcass and Redd Surveys,Active,1
,2023-03-28,2023-04-04,Lower Sacramento RST,Active (since 3/16),1
,2023-03-28,2023-04-04,Feather River (upper DWR) RST,Active,4
,2023-03-28,2023-04-04,Feather River (lower CDFW) RST,Active,1
,2023-03-28,2023-04-04,SJRRP CDFW Field Monitoring,Not Active,4
,2023-03-28,2023-04-04,SJRRP USBR Field Monitoring,Interrupted,3
,2023-03-28,2023-04-04,Stanislaus Fish Weir,Not Active,4
,2023-03-28,2023-04-04,American River Carcass/Redd Surveys,Not Active,4
,2023-03-28,2023-04-04,Caswell RST,Active,1
,2023-04-04,2023-04-11,"SWP regular counts, CWT reading",Active,1
,2023-04-04,2023-04-11,SWP larval sampling,Active,1
,2023-04-04,2023-04-11,"CVP regular counts, CWT reading",Active,1
,2023-04-04,2023-04-11,CVP larval sampling,Active,1
,2023-04-04,2023-04-11,Smelt Larval Survey,Not Active,4
,2023-04-04,2023-04-11,LEPS,Active,1
,2023-04-04,2023-04-11,20mm Survey,Active,1
,2023-04-04,2023-04-11,Spring Kodiak Trawl,Active,1
,2023-04-04,2023-04-11,Fall Mid-water Trawl,Not Active,4
,2023-04-04,2023-04-11,Summer Townet Survey,Not Active,4
,2023-04-04,2023-04-11,Bay Study,Active,1
,2023-04-04,2023-04-11,DJFMP- Chipps and Sacramento Trawls,Active (Chipps Island & Sacramento Trawl running 5 days a week through March),1
,2023-04-04,2023-04-11,DJFMP- Seines,Active (San Joaquin River Seine is partially inactive),1
,2023-04-04,2023-04-11,EDSM,Active,1
,2023-04-04,2023-04-11,EMP,Active,1
,2023-04-04,2023-04-11,Mossdale,Not Active,4
,2023-04-04,2023-04-11,USGS Flow monitoring,Active,1
,2023-04-04,2023-04-11,Red Bluff Diversion Dam Rotary Screw Trap (RST),Active,1
,2023-04-04,2023-04-11,Knights Landing RST,Active,1
,2023-04-04,2023-04-11,Tisdale RST,Active,1
,2023-04-04,2023-04-11,GCID RST,Not Active,4
,2023-04-04,2023-04-11,Yuba River (Hallwood) RST,Active,1
,2023-04-04,2023-04-11,Redd dewatering and stranding surveys,Not Active,4
,2023-04-04,2023-04-11,Sacramento Carcass and Redd Surveys,Active,1
,2023-04-04,2023-04-11,Lower Sacramento RST,Active,1
,2023-04-04,2023-04-11,Feather River (upper DWR) RST,Active,1
,2023-04-04,2023-04-11,Feather River (lower CDFW) RST,Active (fishing at half cone),1
,2023-04-04,2023-04-11,SJRRP CDFW Field Monitoring,Not Active,4
,2023-04-04,2023-04-11,SJRRP USBR Field Monitoring,Interrupted,3
,2023-04-04,2023-04-11,Stanislaus Fish Weir,Active (limited operation due to high flows),1
,2023-04-04,2023-04-11,American River Carcass/Redd Surveys,Not Active,4
,2023-04-04,2023-04-11,Caswell RST,Active,1
,2023-04-11,2023-04-18,"SWP regular counts, CWT reading",Active,1
,2023-04-11,2023-04-18,SWP larval sampling,Active,1
,2023-04-11,2023-04-18,"CVP regular counts, CWT reading",Active,1
,2023-04-11,2023-04-18,CVP larval sampling,Active,1
,2023-04-11,2023-04-18,Smelt Larval Survey,Not Active,4
,2023-04-11,2023-04-18,LEPS,Active,1
,2023-04-11,2023-04-18,20mm Survey,Active,1
,2023-04-11,2023-04-18,Spring Kodiak Trawl,Active,1
,2023-04-11,2023-04-18,Fall Mid-water Trawl,Not Active,4
,2023-04-11,2023-04-18,Summer Townet Survey,Not Active,4
,2023-04-11,2023-04-18,Bay Study,Active,1
,2023-04-11,2023-04-18,DJFMP- Chipps and Sacramento Trawls,Active,1
,2023-04-11,2023-04-18,DJFMP- Seines,Active (San Joaquin River Seine is partially inactive),1
,2023-04-11,2023-04-18,EDSM,Active,1
,2023-04-11,2023-04-18,EMP,Active,1
,2023-04-11,2023-04-18,Mossdale,Not Active,4
,2023-04-11,2023-04-18,USGS Flow monitoring,Active,1
,2023-04-11,2023-04-18,Red Bluff Diversion Dam Rotary Screw Trap (RST),Active,1
,2023-04-11,2023-04-18,Knights Landing RST,Active,1
,2023-04-11,2023-04-18,Tisdale RST,Active (Inactive from 4/9-4/10),1
,2023-04-11,2023-04-18,GCID RST,Not Active,4
,2023-04-11,2023-04-18,Yuba River (Hallwood) RST,Active,1
,2023-04-11,2023-04-18,Redd dewatering and stranding surveys,Not Active,4
,2023-04-11,2023-04-18,Sacramento Carcass and Redd Surveys,Active,1
,2023-04-11,2023-04-18,Lower Sacramento RST,Active (Inactive from 4/7-4/9),1
,2023-04-11,2023-04-18,Feather River (upper DWR) RST,Active,1
,2023-04-11,2023-04-18,Feather River (lower CDFW) RST,Active,1
,2023-04-11,2023-04-18,SJRRP CDFW Field Monitoring,Not Active,4
,2023-04-11,2023-04-18,SJRRP USBR Field Monitoring,Interrupted,3
,2023-04-11,2023-04-18,Stanislaus Fish Weir,Active (limited operation due to high flows),1
,2023-04-11,2023-04-18,American River Carcass/Redd Surveys,Not Active,4
,2023-04-11,2023-04-18,Caswell RST,Active,1
,2023-04-11,2023-04-18,Wallace Weir,Active,1
,2023-04-11,2023-04-18,Butte Creek RST,Active,1
,2023-04-18,2023-04-25,"SWP regular counts, CWT reading",Active,1
,2023-04-18,2023-04-25,SWP larval sampling,Active,1
,2023-04-18,2023-04-25,"CVP regular counts, CWT reading",Active,1
,2023-04-18,2023-04-25,CVP larval sampling,Active,1
,2023-04-18,2023-04-25,Smelt Larval Survey,Not Active,4
,2023-04-18,2023-04-25,LEPS,Active,1
,2023-04-18,2023-04-25,20mm Survey,Active,1
,2023-04-18,2023-04-25,Spring Kodiak Trawl,Active,1
,2023-04-18,2023-04-25,Fall Mid-water Trawl,Not Active,4
,2023-04-18,2023-04-25,Summer Townet Survey,Not Active,4
,2023-04-18,2023-04-25,Bay Study,Active,1
,2023-04-18,2023-04-25,DJFMP- Chipps and Sacramento Trawls,Active,1
,2023-04-18,2023-04-25,DJFMP- Seines,Active (San Joaquin River Seine is partially inactive),1
,2023-04-18,2023-04-25,EDSM,Active,1
,2023-04-18,2023-04-25,EMP,Active,1
,2023-04-18,2023-04-25,Mossdale,Not Active,4
,2023-04-18,2023-04-25,USGS Flow monitoring,Active,1
,2023-04-18,2023-04-25,Red Bluff Diversion Dam Rotary Screw Trap (RST),Active,1
,2023-04-18,2023-04-25,Knights Landing RST,Active,1
,2023-04-18,2023-04-25,Tisdale RST,Active,1
,2023-04-18,2023-04-25,GCID RST,Not Active,4
,2023-04-18,2023-04-25,Yuba River (Hallwood) RST,Active,1
,2023-04-18,2023-04-25,Redd dewatering and stranding surveys,Not Active,4
,2023-04-18,2023-04-25,Sacramento Carcass and Redd Surveys,Active,1
,2023-04-18,2023-04-25,Lower Sacramento RST,Active,1
,2023-04-18,2023-04-25,Feather River (upper DWR) RST,Active,1
,2023-04-18,2023-04-25,Feather River (lower CDFW) RST,Active,1
,2023-04-18,2023-04-25,SJRRP CDFW Field Monitoring,Not Active,4
,2023-04-18,2023-04-25,SJRRP USBR Field Monitoring,Interrupted,3
,2023-04-18,2023-04-25,Stanislaus Fish Weir,Active,1
,2023-04-18,2023-04-25,American River Carcass/Redd Surveys,Not Active,4
,2023-04-18,2023-04-25,Caswell RST,Active,1
,2023-04-18,2023-04-25,Wallace Weir,Active,1
,2023-04-18,2023-04-25,Butte Creek RST,Active,1
,2023-04-25,2023-05-02,"SWP regular counts, CWT reading",Active,1
,2023-04-25,2023-05-02,SWP larval sampling,Active,1
,2023-04-25,2023-05-02,"CVP regular counts, CWT reading",Active,1
,2023-04-25,2023-05-02,CVP larval sampling,Active,1
,2023-04-25,2023-05-02,Smelt Larval Survey,Not Active,4
,2023-04-25,2023-05-02,LEPS,Active,1
,2023-04-25,2023-05-02,20mm Survey,Active,1
,2023-04-25,2023-05-02,Spring Kodiak Trawl,Active,1
,2023-04-25,2023-05-02,Fall Mid-water Trawl,Not Active,4
,2023-04-25,2023-05-02,Summer Townet Survey,Not Active,4
,2023-04-25,2023-05-02,Bay Study,Active,1
,2023-04-25,2023-05-02,DJFMP- Chipps and Sacramento Trawls,Active,1
,2023-04-25,2023-05-02,DJFMP- Seines,Active (San Joaquin River Seine is partially inactive),1
,2023-04-25,2023-05-02,EDSM,Active,1
,2023-04-25,2023-05-02,EMP,Active,1
,2023-04-25,2023-05-02,Mossdale,Active (as of 4/24),1
,2023-04-25,2023-05-02,USGS Flow monitoring,Active,1
,2023-04-25,2023-05-02,Red Bluff Diversion Dam Rotary Screw Trap (RST),Active,1
,2023-04-25,2023-05-02,Knights Landing RST,Active,1
,2023-04-25,2023-05-02,Tisdale RST,Active,1
,2023-04-25,2023-05-02,GCID RST,Not Active,4
,2023-04-25,2023-05-02,Yuba River (Hallwood) RST,Active,1
,2023-04-25,2023-05-02,Redd dewatering and stranding surveys,Not Active,4
,2023-04-25,2023-05-02,Sacramento Carcass and Redd Surveys,Active,1
,2023-04-25,2023-05-02,Lower Sacramento RST,Active,1
,2023-04-25,2023-05-02,Feather River (upper DWR) RST,Active,1
,2023-04-25,2023-05-02,Feather River (lower CDFW) RST,Active,1
,2023-04-25,2023-05-02,SJRRP CDFW Field Monitoring,Not Active,4
,2023-04-25,2023-05-02,SJRRP USBR Field Monitoring,Interrupted,3
,2023-04-25,2023-05-02,Stanislaus Fish Weir,Active,1
,2023-04-25,2023-05-02,American River Carcass/Redd Surveys,Not Active,4
,2023-04-25,2023-05-02,Caswell RST,Active,1
,2023-04-25,2023-05-02,Wallace Weir,Active,1
,2023-04-25,2023-05-02,Butte Creek RST,Active,1
,2023-05-02,2023-05-09,"SWP regular counts, CWT reading",Active,1
,2023-05-02,2023-05-09,SWP larval sampling,Active,1
,2023-05-02,2023-05-09,"CVP regular counts, CWT reading",Active,1
,2023-05-02,2023-05-09,CVP larval sampling,Active,1
,2023-05-02,2023-05-09,Smelt Larval Survey,Not Active,4
,2023-05-02,2023-05-09,LEPS,Active,1
,2023-05-02,2023-05-09,20mm Survey,Active,1
,2023-05-02,2023-05-09,Spring Kodiak Trawl,Active,1
,2023-05-02,2023-05-09,Fall Mid-water Trawl,Not Active,4
,2023-05-02,2023-05-09,Summer Townet Survey,Not Active,4
,2023-05-02,2023-05-09,Bay Study,Active,1
,2023-05-02,2023-05-09,DJFMP- Chipps and Sacramento Trawls,Active,1
,2023-05-02,2023-05-09,DJFMP- Seines,Active (San Joaquin River Seine is partially inactive),1
,2023-05-02,2023-05-09,EDSM,Active,1
,2023-05-02,2023-05-09,EMP,Active,1
,2023-05-02,2023-05-09,Mossdale,Active,1
,2023-05-02,2023-05-09,USGS Flow monitoring,Active,1
,2023-05-02,2023-05-09,Red Bluff Diversion Dam Rotary Screw Trap (RST),Partial Interruption (Inactive from 4/25-4/30),2
,2023-05-02,2023-05-09,Knights Landing RST,Active,1
,2023-05-02,2023-05-09,Tisdale RST,Active,1
,2023-05-02,2023-05-09,GCID RST,Not Active,4
,2023-05-02,2023-05-09,Yuba River (Hallwood) RST,Active,1
,2023-05-02,2023-05-09,Redd dewatering and stranding surveys,Not Active,4
,2023-05-02,2023-05-09,Sacramento Carcass and Redd Surveys,Active,1
,2023-05-02,2023-05-09,Lower Sacramento RST,Active,1
,2023-05-02,2023-05-09,Feather River (upper DWR) RST,Active,1
,2023-05-02,2023-05-09,Feather River (lower CDFW) RST,Interrupted  (screens pulled on 4/28),3
,2023-05-02,2023-05-09,SJRRP CDFW Field Monitoring,Not Active,4
,2023-05-02,2023-05-09,SJRRP USBR Field Monitoring,Interrupted,3
,2023-05-02,2023-05-09,Stanislaus Fish Weir,Not Active,4
,2023-05-02,2023-05-09,American River Carcass/Redd Surveys,Not Active,4
,2023-05-02,2023-05-09,Caswell RST,Active,1
,2023-05-02,2023-05-09,Wallace Weir,Active,1
,2023-05-02,2023-05-09,Butte Creek RST,Partial Interruption (Inactive from 4/28-4/30),2
,2023-05-09,2023-05-16,"SWP regular counts, CWT reading",Active,1
,2023-05-09,2023-05-16,SWP larval sampling,Active,1
,2023-05-09,2023-05-16,"CVP regular counts, CWT reading",Active,1
,2023-05-09,2023-05-16,CVP larval sampling,Active,1
,2023-05-09,2023-05-16,Smelt Larval Survey,Not Active,4
,2023-05-09,2023-05-16,LEPS,Not Active (Completed for year),4
,2023-05-09,2023-05-16,20mm Survey,Active,1
,2023-05-09,2023-05-16,Spring Kodiak Trawl,Not Active (Completed for year),4
,2023-05-09,2023-05-16,Fall Mid-water Trawl,Not Active,4
,2023-05-09,2023-05-16,Summer Townet Survey,Not Active,4
,2023-05-09,2023-05-16,Bay Study,Active,1
,2023-05-09,2023-05-16,DJFMP- Chipps and Sacramento Trawls,Active,1
,2023-05-09,2023-05-16,DJFMP- Seines,Active (San Joaquin River Seine is partially inactive),1
,2023-05-09,2023-05-16,EDSM,Active,1
,2023-05-09,2023-05-16,EMP,Active,1
,2023-05-09,2023-05-16,Mossdale,Active,1
,2023-05-09,2023-05-16,USGS Flow monitoring,Active,1
,2023-05-09,2023-05-16,Red Bluff Diversion Dam Rotary Screw Trap (RST),Active,1
,2023-05-09,2023-05-16,Knights Landing RST,Active,1
,2023-05-09,2023-05-16,Tisdale RST,Active,1
,2023-05-09,2023-05-16,GCID RST,Not Active,4
,2023-05-09,2023-05-16,Yuba River (Hallwood) RST,Active,1
,2023-05-09,2023-05-16,Redd dewatering and stranding surveys,Not Active,4
,2023-05-09,2023-05-16,Sacramento Carcass and Redd Surveys,Active,1
,2023-05-09,2023-05-16,Lower Sacramento RST,Active,1
,2023-05-09,2023-05-16,Feather River (upper DWR) RST,Active,1
,2023-05-09,2023-05-16,Feather River (lower CDFW) RST,Active,1
,2023-05-09,2023-05-16,SJRRP CDFW Field Monitoring,Not Active,4
,2023-05-09,2023-05-16,SJRRP USBR Field Monitoring,Interrupted,3
,2023-05-09,2023-05-16,Stanislaus Fish Weir,Not Active,4
,2023-05-09,2023-05-16,American River Carcass/Redd Surveys,Not Active,4
,2023-05-09,2023-05-16,Caswell RST,Active,1
,2023-05-09,2023-05-16,Wallace Weir,Active,1
,2023-05-09,2023-05-16,Butte Creek RST,Partial Interruption (Inactive from 4/28-4/30),2
,2023-05-16,2023-05-23,"SWP regular counts, CWT reading",Not Active (as of 5/15),4
,2023-05-16,2023-05-23,SWP larval sampling,Not Active (as of 5/15),4
,2023-05-16,2023-05-23,"CVP regular counts, CWT reading",Active,1
,2023-05-16,2023-05-23,CVP larval sampling,Active,1
,2023-05-16,2023-05-23,Smelt Larval Survey,Not Active,4
,2023-05-16,2023-05-23,LEPS,Not Active (Completed for year),4
,2023-05-16,2023-05-23,20mm Survey,Active,1
,2023-05-16,2023-05-23,Spring Kodiak Trawl,Not Active (Completed for year),4
,2023-05-16,2023-05-23,Fall Mid-water Trawl,Not Active,4
,2023-05-16,2023-05-23,Summer Townet Survey,Not Active,4
,2023-05-16,2023-05-23,Bay Study,Active,1
,2023-05-16,2023-05-23,DJFMP- Chipps and Sacramento Trawls,Active,1
,2023-05-16,2023-05-23,DJFMP- Seines,Active (San Joaquin River Seine is partially inactive),1
,2023-05-16,2023-05-23,EDSM,Active,1
,2023-05-16,2023-05-23,EMP,Active,1
,2023-05-16,2023-05-23,Mossdale,Active,1
,2023-05-16,2023-05-23,USGS Flow monitoring,Active,1
,2023-05-16,2023-05-23,Red Bluff Diversion Dam Rotary Screw Trap (RST),Active,1
,2023-05-16,2023-05-23,Knights Landing RST,Active,1
,2023-05-16,2023-05-23,Tisdale RST,Active,1
,2023-05-16,2023-05-23,GCID RST,Not Active,4
,2023-05-16,2023-05-23,Yuba River (Hallwood) RST,Active,1
,2023-05-16,2023-05-23,Redd dewatering and stranding surveys,Not Active,4
,2023-05-16,2023-05-23,Sacramento Carcass and Redd Surveys,Active,1
,2023-05-16,2023-05-23,Lower Sacramento RST,Active,1
,2023-05-16,2023-05-23,Feather River (upper DWR) RST,Active,1
,2023-05-16,2023-05-23,Feather River (lower CDFW) RST,Active,1
,2023-05-16,2023-05-23,SJRRP CDFW Field Monitoring,Not Active,4
,2023-05-16,2023-05-23,SJRRP USBR Field Monitoring,Interrupted,3
,2023-05-16,2023-05-23,Stanislaus Fish Weir,Not Active,4
,2023-05-16,2023-05-23,American River Carcass/Redd Surveys,Not Active,4
,2023-05-16,2023-05-23,Caswell RST,Active,1
,2023-05-16,2023-05-23,Wallace Weir,Active,1
,2023-05-16,2023-05-23,Butte Creek RST,Active,1
,2023-05-23,2023-05-30,"SWP regular counts, CWT reading",Not Active (as of 5/15),4
,2023-05-23,2023-05-30,SWP larval sampling,Not Active (as of 5/15),4
,2023-05-23,2023-05-30,"CVP regular counts, CWT reading",Active,1
,2023-05-23,2023-05-30,CVP larval sampling,Active,1
,2023-05-23,2023-05-30,Smelt Larval Survey,Not Active,4
,2023-05-23,2023-05-30,LEPS,Not Active (Completed for year),4
,2023-05-23,2023-05-30,20mm Survey,Active,1
,2023-05-23,2023-05-30,Spring Kodiak Trawl,Not Active (Completed for year),4
,2023-05-23,2023-05-30,Fall Mid-water Trawl,Not Active,4
,2023-05-23,2023-05-30,Summer Townet Survey,Not Active,4
,2023-05-23,2023-05-30,Bay Study,Active,1
,2023-05-23,2023-05-30,DJFMP- Chipps and Sacramento Trawls,Active,1
,2023-05-23,2023-05-30,DJFMP- Seines,Active (San Joaquin River Seine is partially inactive),1
,2023-05-23,2023-05-30,EDSM,Active,1
,2023-05-23,2023-05-30,EMP,Active,1
,2023-05-23,2023-05-30,Mossdale,Active,1
,2023-05-23,2023-05-30,USGS Flow monitoring,Active,1
,2023-05-23,2023-05-30,Red Bluff Diversion Dam Rotary Screw Trap (RST),Active,1
,2023-05-23,2023-05-30,Knights Landing RST,Active,1
,2023-05-23,2023-05-30,Tisdale RST,Active,1
,2023-05-23,2023-05-30,GCID RST,Not Active,4
,2023-05-23,2023-05-30,Yuba River (Hallwood) RST,Active,1
,2023-05-23,2023-05-30,Redd dewatering and stranding surveys,Not Active,4
,2023-05-23,2023-05-30,Sacramento Carcass and Redd Surveys,Active,1
,2023-05-23,2023-05-30,Lower Sacramento RST,Active,1
,2023-05-23,2023-05-30,Feather River (upper DWR) RST,Active,1
,2023-05-23,2023-05-30,Feather River (lower CDFW) RST,Active,1
,2023-05-23,2023-05-30,SJRRP CDFW Field Monitoring,Not Active,4
,2023-05-23,2023-05-30,SJRRP USBR Field Monitoring,Interrupted,3
,2023-05-23,2023-05-30,Stanislaus Fish Weir,Not Active,4
,2023-05-23,2023-05-30,American River Carcass/Redd Surveys,Not Active,4
,2023-05-23,2023-05-30,Caswell RST,Active,1
,2023-05-23,2023-05-30,Wallace Weir,Active,1
,2023-05-23,2023-05-30,Butte Creek RST,Active,1
,2023-05-30,2023-06-06,"SWP regular counts, CWT reading",Not Active (as of 5/15),4
,2023-05-30,2023-06-06,SWP larval sampling,Not Active (as of 5/15),4
,2023-05-30,2023-06-06,"CVP regular counts, CWT reading",Active,1
,2023-05-30,2023-06-06,CVP larval sampling,Active,1
,2023-05-30,2023-06-06,Smelt Larval Survey,Not Active,4
,2023-05-30,2023-06-06,LEPS,Not Active (Completed for year),4
,2023-05-30,2023-06-06,20mm Survey,Active,1
,2023-05-30,2023-06-06,Spring Kodiak Trawl,Not Active (Completed for year),4
,2023-05-30,2023-06-06,Fall Mid-water Trawl,Not Active,4
,2023-05-30,2023-06-06,Summer Townet Survey,Not Active,4
,2023-05-30,2023-06-06,Bay Study,Active,1
,2023-05-30,2023-06-06,DJFMP- Chipps and Sacramento Trawls,Active,1
,2023-05-30,2023-06-06,DJFMP- Seines,Active (San Joaquin River Seine is partially inactive),1
,2023-05-30,2023-06-06,EDSM,Active,1
,2023-05-30,2023-06-06,EMP,Active,1
,2023-05-30,2023-06-06,Mossdale,Active,1
,2023-05-30,2023-06-06,USGS Flow monitoring,Active,1
,2023-05-30,2023-06-06,Red Bluff Diversion Dam Rotary Screw Trap (RST),Active,1
,2023-05-30,2023-06-06,Knights Landing RST,Active,1
,2023-05-30,2023-06-06,Tisdale RST,Active,1
,2023-05-30,2023-06-06,GCID RST,Not Active,4
,2023-05-30,2023-06-06,Yuba River (Hallwood) RST,Active,1
,2023-05-30,2023-06-06,Redd dewatering and stranding surveys,Not Active,4
,2023-05-30,2023-06-06,Sacramento Carcass and Redd Surveys,Active,1
,2023-05-30,2023-06-06,Lower Sacramento RST,Active,1
,2023-05-30,2023-06-06,Feather River (upper DWR) RST,Active,1
,2023-05-30,2023-06-06,Feather River (lower CDFW) RST,Active,1
,2023-05-30,2023-06-06,SJRRP CDFW Field Monitoring,Not Active,4
,2023-05-30,2023-06-06,SJRRP USBR Field Monitoring,Interrupted,3
,2023-05-30,2023-06-06,Stanislaus Fish Weir,Not Active,4
,2023-05-30,2023-06-06,American River Carcass/Redd Surveys,Not Active,4
,2023-05-30,2023-06-06,Caswell RST,Active,1
,2023-05-30,2023-06-06,Wallace Weir,Active,1
,2023-05-30,2023-06-06,Butte Creek RST,Active,1
,2023-06-06,2023-06-13,"SWP regular counts, CWT reading",Active (as of 5/19),1
,2023-06-06,2023-06-13,SWP larval sampling,Active (as of 5/19),1
,2023-06-06,2023-06-13,"CVP regular counts, CWT reading",Active,1
,2023-06-06,2023-06-13,CVP larval sampling,Active,1
,2023-06-06,2023-06-13,Smelt Larval Survey,Not Active,4
,2023-06-06,2023-06-13,LEPS,Not Active (Completed for year),4
,2023-06-06,2023-06-13,20mm Survey,Active,1
,2023-06-06,2023-06-13,Spring Kodiak Trawl,Not Active (Completed for year),4
,2023-06-06,2023-06-13,Fall Mid-water Trawl,Not Active,4
,2023-06-06,2023-06-13,Summer Townet Survey,Not Active,4
,2023-06-06,2023-06-13,Bay Study,Active,1
,2023-06-06,2023-06-13,DJFMP- Chipps and Sacramento Trawls,Active,1
,2023-06-06,2023-06-13,DJFMP- Seines,Active (San Joaquin River Seine is partially inactive),1
,2023-06-06,2023-06-13,EDSM,Active,1
,2023-06-06,2023-06-13,EMP,Active,1
,2023-06-06,2023-06-13,Mossdale,Active,1
,2023-06-06,2023-06-13,USGS Flow monitoring,Active,1
,2023-06-06,2023-06-13,Red Bluff Diversion Dam Rotary Screw Trap (RST),Active,1
,2023-06-06,2023-06-13,Knights Landing RST,Active,1
,2023-06-06,2023-06-13,Tisdale RST,Active,1
,2023-06-06,2023-06-13,GCID RST,Not Active,4
,2023-06-06,2023-06-13,Yuba River (Hallwood) RST,Active,1
,2023-06-06,2023-06-13,Redd dewatering and stranding surveys,Not Active,4
,2023-06-06,2023-06-13,Sacramento Carcass and Redd Surveys,Active,1
,2023-06-06,2023-06-13,Lower Sacramento RST,Active,1
,2023-06-06,2023-06-13,Feather River (upper DWR) RST,Active,1
,2023-06-06,2023-06-13,Feather River (lower CDFW) RST,Active,1
,2023-06-06,2023-06-13,SJRRP CDFW Field Monitoring,Not Active,4
,2023-06-06,2023-06-13,SJRRP USBR Field Monitoring,Interrupted,3
,2023-06-06,2023-06-13,Stanislaus Fish Weir,Not Active,4
,2023-06-06,2023-06-13,American River Carcass/Redd Surveys,Not Active,4
,2023-06-06,2023-06-13,Caswell RST,Active,1
,2023-06-06,2023-06-13,Wallace Weir,Active,1
,2023-06-06,2023-06-13,Butte Creek RST,Active,1
,2023-06-13,2023-06-20,"SWP regular counts, CWT reading",Active (as of 5/19),1
,2023-06-13,2023-06-20,SWP larval sampling,Not Active (Completed for year),4
,2023-06-13,2023-06-20,"CVP regular counts, CWT reading",Active,1
,2023-06-13,2023-06-20,CVP larval sampling,Not Active (Completed for year),4
,2023-06-13,2023-06-20,Smelt Larval Survey,Not Active,4
,2023-06-13,2023-06-20,LEPS,Not Active (Completed for year),4
,2023-06-13,2023-06-20,20mm Survey,Active,1
,2023-06-13,2023-06-20,Spring Kodiak Trawl,Not Active (Completed for year),4
,2023-06-13,2023-06-20,Fall Mid-water Trawl,Not Active,4
,2023-06-13,2023-06-20,Summer Townet Survey,Active,1
,2023-06-13,2023-06-20,Bay Study,Active,1
,2023-06-13,2023-06-20,DJFMP- Chipps and Sacramento Trawls,Active,1
,2023-06-13,2023-06-20,DJFMP- Seines,Active (San Joaquin River Seine is partially inactive),1
,2023-06-13,2023-06-20,EDSM,Active,1
,2023-06-13,2023-06-20,EMP,Active,1
,2023-06-13,2023-06-20,Mossdale,Active,1
,2023-06-13,2023-06-20,USGS Flow monitoring,Active,1
,2023-06-13,2023-06-20,Red Bluff Diversion Dam Rotary Screw Trap (RST),Active,1
,2023-06-13,2023-06-20,Knights Landing RST,Active,1
,2023-06-13,2023-06-20,Tisdale RST,Active,1
,2023-06-13,2023-06-20,GCID RST,Not Active,4
,2023-06-13,2023-06-20,Yuba River (Hallwood) RST,Active,1
,2023-06-13,2023-06-20,Redd dewatering and stranding surveys,Not Active,4
,2023-06-13,2023-06-20,Sacramento Carcass and Redd Surveys,Active,1
,2023-06-13,2023-06-20,Lower Sacramento RST,Active,1
,2023-06-13,2023-06-20,Feather River (upper DWR) RST,Active,1
,2023-06-13,2023-06-20,Feather River (lower CDFW) RST,Active,1
,2023-06-13,2023-06-20,SJRRP CDFW Field Monitoring,Not Active,4
,2023-06-13,2023-06-20,SJRRP USBR Field Monitoring,Interrupted,3
,2023-06-13,2023-06-20,Stanislaus Fish Weir,Not Active,4
,2023-06-13,2023-06-20,American River Carcass/Redd Surveys,Not Active,4
,2023-06-13,2023-06-20,Caswell RST,Active,1
,2023-06-13,2023-06-20,Wallace Weir,Not Active (due to low flows),4
,2023-06-13,2023-06-20,Butte Creek RST,Active,1
,2023-06-20,2023-06-27,"SWP regular counts, CWT reading",Active (as of 5/19),1
,2023-06-20,2023-06-27,SWP larval sampling,Not Active (Completed for year),4
,2023-06-20,2023-06-27,"CVP regular counts, CWT reading",Active,1
,2023-06-20,2023-06-27,CVP larval sampling,Not Active (Completed for year),4
,2023-06-20,2023-06-27,Smelt Larval Survey,Not Active,4
,2023-06-20,2023-06-27,LEPS,Not Active (Completed for year),4
,2023-06-20,2023-06-27,20mm Survey,Active,1
,2023-06-20,2023-06-27,Spring Kodiak Trawl,Not Active (Completed for year),4
,2023-06-20,2023-06-27,Fall Mid-water Trawl,Not Active,4
,2023-06-20,2023-06-27,Summer Townet Survey,Active,1
,2023-06-20,2023-06-27,Bay Study,Active,1
,2023-06-20,2023-06-27,DJFMP- Chipps and Sacramento Trawls,Active,1
,2023-06-20,2023-06-27,DJFMP- Seines,Active (San Joaquin River Seine is partially inactive),1
,2023-06-20,2023-06-27,EDSM,Active,1
,2023-06-20,2023-06-27,EMP,Active,1
,2023-06-20,2023-06-27,Mossdale,Active,1
,2023-06-20,2023-06-27,USGS Flow monitoring,Active,1
,2023-06-20,2023-06-27,Red Bluff Diversion Dam Rotary Screw Trap (RST),Active,1
,2023-06-20,2023-06-27,Knights Landing RST,Active,1
,2023-06-20,2023-06-27,Tisdale RST,Active,1
,2023-06-20,2023-06-27,GCID RST,Not Active,4
,2023-06-20,2023-06-27,Yuba River (Hallwood) RST,Active,1
,2023-06-20,2023-06-27,Redd dewatering and stranding surveys,Not Active,4
,2023-06-20,2023-06-27,Sacramento Carcass and Redd Surveys,Active,1
,2023-06-20,2023-06-27,Lower Sacramento RST,Active,1
,2023-06-20,2023-06-27,Feather River (upper DWR) RST,Active,1
,2023-06-20,2023-06-27,Feather River (lower CDFW) RST,Active,1
,2023-06-20,2023-06-27,SJRRP CDFW Field Monitoring,Not Active,4
,2023-06-20,2023-06-27,SJRRP USBR Field Monitoring,Interrupted,3
,2023-06-20,2023-06-27,Stanislaus Fish Weir,Not Active,4
,2023-06-20,2023-06-27,American River Carcass/Redd Surveys,Not Active,4
,2023-06-20,2023-06-27,Caswell RST,Active,1
,2023-06-20,2023-06-27,Wallace Weir,Not Active (due to low flows),4
,2023-06-20,2023-06-27,Butte Creek RST,Active,1
,2023-06-27,2023-07-04,"SWP regular counts, CWT reading",Active (as of 5/19),1
,2023-06-27,2023-07-04,SWP larval sampling,Not Active (Completed for year),4
,2023-06-27,2023-07-04,"CVP regular counts, CWT reading",Active (using weight based estimation due to large numbers of fish),1
,2023-06-27,2023-07-04,CVP larval sampling,Not Active (Completed for year),4
,2023-06-27,2023-07-04,Smelt Larval Survey,Not Active,4
,2023-06-27,2023-07-04,LEPS,Not Active (Completed for year),4
,2023-06-27,2023-07-04,20mm Survey,Active,1
,2023-06-27,2023-07-04,Spring Kodiak Trawl,Not Active (Completed for year),4
,2023-06-27,2023-07-04,Fall Mid-water Trawl,Not Active,4
,2023-06-27,2023-07-04,Summer Townet Survey,Active,1
,2023-06-27,2023-07-04,Bay Study,Active,1
,2023-06-27,2023-07-04,DJFMP- Chipps and Sacramento Trawls,Active,1
,2023-06-27,2023-07-04,DJFMP- Seines,Active,1
,2023-06-27,2023-07-04,EDSM,Active,1
,2023-06-27,2023-07-04,EMP,Active,1
,2023-06-27,2023-07-04,Mossdale,Active,1
,2023-06-27,2023-07-04,USGS Flow monitoring,Active,1
,2023-06-27,2023-07-04,Red Bluff Diversion Dam Rotary Screw Trap (RST),Active,1
,2023-06-27,2023-07-04,Knights Landing RST,Active,1
,2023-06-27,2023-07-04,Tisdale RST,Active,1
,2023-06-27,2023-07-04,GCID RST,Not Active,4
,2023-06-27,2023-07-04,Yuba River (Hallwood) RST,Active,1
,2023-06-27,2023-07-04,Redd dewatering and stranding surveys,Not Active,4
,2023-06-27,2023-07-04,Sacramento Carcass and Redd Surveys,Active,1
,2023-06-27,2023-07-04,Lower Sacramento RST,Active,1
,2023-06-27,2023-07-04,Feather River (upper DWR) RST,Active,1
,2023-06-27,2023-07-04,Feather River (lower CDFW) RST,Active,1
,2023-06-27,2023-07-04,SJRRP CDFW Field Monitoring,Not Active,4
,2023-06-27,2023-07-04,SJRRP USBR Field Monitoring,Interrupted,3
,2023-06-27,2023-07-04,Stanislaus Fish Weir,Not Active,4
,2023-06-27,2023-07-04,American River Carcass/Redd Surveys,Not Active,4
,2023-06-27,2023-07-04,Caswell RST,Active,1
,2023-06-27,2023-07-04,Wallace Weir,Not Active (due to low flows),4
,2023-06-27,2023-07-04,Butte Creek RST,Active,1
